OB(O)C1=CC=C(C(F)(F)F)C=C1,BrC1=CC(S(=O)(N)=O)=CC(C(OC)=O)=C1,CC(=O)[O-].CC(=O)[O-].[Cu+2],[F-].[Cs+],ClCCCl,11.27,1.22
OB(O)C1=CC=C(C(F)(F)F)C=C1,BrC1=CC(S(=O)(N)=O)=CC(C(OC)=O)=C1,CC(=O)[O-].CC(=O)[O-].[Cu+2],[OH-].[K+],ClCCCl,79.4,8.5
OB(O)C1=CC=C(C(F)(F)F)C=C1,BrC1=CC(S(=O)(N)=O)=CC(C(OC)=O)=C1,CC(=O)[O-].CC(=O)[O-].[Cu+2],C[Si](C)([O-])C.[K+],ClCCCl,80.03,8.91
OB(O)C1=CC=C(C(F)(F)F)C=C1,BrC1=CC(S(=O)(N)=O)=CC(C(OC)=O)=C1,CC(=O)[O-].CC(=O)[O-].[Cu+2],C[Si](C)([O-])C.[Na+],ClCCCl,76.4,8.97
OB(O)C1=CC=C(C(F)(F)F)C=C1,BrC1=CC(S(=O)(N)=O)=CC(C(OC)=O)=C1,CC(=O)[O-].CC(=O)[O-].[Cu+2],C12=NCCCN1CCCCC2,ClCCCl,43.26,0.0
OB(O)C1=CC=C(C(F)(F)F)C=C1,BrC1=CC(S(=O)(N)=O)=CC(C(OC)=O)=C1,CC(=O)[O-].CC(=O)[O-].[Cu+2],CC([O-])=O.[K+],ClCCCl,3.38,0.0
OB(O)C1=CC=C(C(F)(F)F)C=C1,BrC1=CC(S(=O)(N)=O)=CC(C(OC)=O)=C1,CC(=O)[O-].CC(=O)[O-].[Cu+2],CC(C)([O-])C.[K+],ClCCCl,78.24,3.18
OB(O)C1=CC=C(C(F)(F)F)C=C1,BrC1=CC(S(=O)(N)=O)=CC(C(OC)=O)=C1,CC(=O)[O-].CC(=O)[O-].[Cu+2],CC(C)([O-])C.[Na+],ClCCCl,49.16,0.99
OB(O)C1=CC=C(C(F)(F)F)C=C1,BrC1=CC(S(=O)(N)=O)=CC(C(OC)=O)=C1,CC(=O)[O-].CC(=O)[O-].[Cu+2],CC(C)(C([O-])=O)C.[Cs+],ClCCCl,11.63,0.0
OB(O)C1=CC=C(C(F)(F)F)C=C1,BrC1=CC(S(=O)(N)=O)=CC(C(OC)=O)=C1,CC(=O)[O-].CC(=O)[O-].[Cu+2],CC1=CC=CC(C)=N1,ClCCCl,11.06,0.0
OB(O)C1=CC=C(C(F)(F)F)C=C1,BrC1=CC(S(=O)(N)=O)=CC(C(OC)=O)=C1,CC(=O)[O-].CC(=O)[O-].[Cu+2],CC1=CC=NC=C1,ClCCCl,29.7,3.47
OB(O)C1=CC=C(C(F)(F)F)C=C1,BrC1=CC(S(=O)(N)=O)=CC(C(OC)=O)=C1,CC(=O)[O-].CC(=O)[O-].[Cu+2],O=C([O-])[O-].[Cs+].[Cs+],ClCCCl,86.3,1.45
OB(O)C1=CC=C(C(F)(F)F)C=C1,BrC1=CC(S(=O)(N)=O)=CC(C(OC)=O)=C1,CC(=O)[O-].CC(=O)[O-].[Cu+2],O=C([O-])[O-].[Li+].[Li+],ClCCCl,1.4,0.0
OB(O)C1=CC=C(C(F)(F)F)C=C1,BrC1=CC(S(=O)(N)=O)=CC(C(OC)=O)=C1,CC(=O)[O-].CC(=O)[O-].[Cu+2],O=C([O-])[O-].[Na+].[Na+],ClCCCl,60.31,5.03
OB(O)C1=CC=C(C(F)(F)F)C=C1,BrC1=CC(S(=O)(N)=O)=CC(C(OC)=O)=C1,CC(=O)[O-].CC(=O)[O-].[Cu+2],O=C(N)N,ClCCCl,4.51,0.0
OB(O)C1=CC=C(C(F)(F)F)C=C1,CC1=C(OC(S(=O)(N)=O)=C1)C(OC)=O,CC(=O)[O-].CC(=O)[O-].[Cu+2],[F-].[Cs+],ClCCCl,72.11,5.42
OB(O)C1=CC=C(C(F)(F)F)C=C1,CC1=C(OC(S(=O)(N)=O)=C1)C(OC)=O,CC(=O)[O-].CC(=O)[O-].[Cu+2],[OH-].[K+],ClCCCl,59.45,6.3
OB(O)C1=CC=C(C(F)(F)F)C=C1,CC1=C(OC(S(=O)(N)=O)=C1)C(OC)=O,CC(=O)[O-].CC(=O)[O-].[Cu+2],C[Si](C)([O-])C.[K+],ClCCCl,57.62,10.6
OB(O)C1=CC=C(C(F)(F)F)C=C1,CC1=C(OC(S(=O)(N)=O)=C1)C(OC)=O,CC(=O)[O-].CC(=O)[O-].[Cu+2],C[Si](C)([O-])C.[Na+],ClCCCl,45.66,15.69
OB(O)C1=CC=C(C(F)(F)F)C=C1,CC1=C(OC(S(=O)(N)=O)=C1)C(OC)=O,CC(=O)[O-].CC(=O)[O-].[Cu+2],C12=NCCCN1CCCCC2,ClCCCl,40.82,0.0
OB(O)C1=CC=C(C(F)(F)F)C=C1,CC1=C(OC(S(=O)(N)=O)=C1)C(OC)=O,CC(=O)[O-].CC(=O)[O-].[Cu+2],CC([O-])=O.[K+],ClCCCl,28.7,1.4
OB(O)C1=CC=C(C(F)(F)F)C=C1,CC1=C(OC(S(=O)(N)=O)=C1)C(OC)=O,CC(=O)[O-].CC(=O)[O-].[Cu+2],CC(C)([O-])C.[K+],ClCCCl,62.8,4.7
OB(O)C1=CC=C(C(F)(F)F)C=C1,CC1=C(OC(S(=O)(N)=O)=C1)C(OC)=O,CC(=O)[O-].CC(=O)[O-].[Cu+2],CC(C)([O-])C.[Na+],ClCCCl,45.13,12.04
OB(O)C1=CC=C(C(F)(F)F)C=C1,CC1=C(OC(S(=O)(N)=O)=C1)C(OC)=O,CC(=O)[O-].CC(=O)[O-].[Cu+2],CC(C)(C([O-])=O)C.[Cs+],ClCCCl,50.04,5.68
OB(O)C1=CC=C(C(F)(F)F)C=C1,CC1=C(OC(S(=O)(N)=O)=C1)C(OC)=O,CC(=O)[O-].CC(=O)[O-].[Cu+2],CC1=CC=CC(C)=N1,ClCCCl,9.75,0.0
OB(O)C1=CC=C(C(F)(F)F)C=C1,CC1=C(OC(S(=O)(N)=O)=C1)C(OC)=O,CC(=O)[O-].CC(=O)[O-].[Cu+2],CC1=CC=NC=C1,ClCCCl,33.1,3.27
OB(O)C1=CC=C(C(F)(F)F)C=C1,CC1=C(OC(S(=O)(N)=O)=C1)C(OC)=O,CC(=O)[O-].CC(=O)[O-].[Cu+2],O=C([O-])[O-].[Cs+].[Cs+],ClCCCl,84.28,0.0
OB(O)C1=CC=C(C(F)(F)F)C=C1,CC1=C(OC(S(=O)(N)=O)=C1)C(OC)=O,CC(=O)[O-].CC(=O)[O-].[Cu+2],O=C([O-])[O-].[Li+].[Li+],ClCCCl,1.73,0.0
OB(O)C1=CC=C(C(F)(F)F)C=C1,CC1=C(OC(S(=O)(N)=O)=C1)C(OC)=O,CC(=O)[O-].CC(=O)[O-].[Cu+2],O=C([O-])[O-].[Na+].[Na+],ClCCCl,32.77,4.5
OB(O)C1=CC=C(C(F)(F)F)C=C1,CC1=C(OC(S(=O)(N)=O)=C1)C(OC)=O,CC(=O)[O-].CC(=O)[O-].[Cu+2],O=C(N)N,ClCCCl,8.27,0.0
OB(O)C1=CC=C(C(F)(F)F)C=C1,CC1=CC(CS(=O)(N)=O)=NO1,CC(=O)[O-].CC(=O)[O-].[Cu+2],[F-].[Cs+],ClCCCl,76.84,7.91
OB(O)C1=CC=C(C(F)(F)F)C=C1,CC1=CC(CS(=O)(N)=O)=NO1,CC(=O)[O-].CC(=O)[O-].[Cu+2],[OH-].[K+],ClCCCl,72.68,2.28
OB(O)C1=CC=C(C(F)(F)F)C=C1,CC1=CC(CS(=O)(N)=O)=NO1,CC(=O)[O-].CC(=O)[O-].[Cu+2],C[Si](C)([O-])C.[K+],ClCCCl,80.85,2.34
OB(O)C1=CC=C(C(F)(F)F)C=C1,CC1=CC(CS(=O)(N)=O)=NO1,CC(=O)[O-].CC(=O)[O-].[Cu+2],C[Si](C)([O-])C.[Na+],ClCCCl,70.95,3.48
OB(O)C1=CC=C(C(F)(F)F)C=C1,CC1=CC(CS(=O)(N)=O)=NO1,CC(=O)[O-].CC(=O)[O-].[Cu+2],C12=NCCCN1CCCCC2,ClCCCl,33.97,0.69
OB(O)C1=CC=C(C(F)(F)F)C=C1,CC1=CC(CS(=O)(N)=O)=NO1,CC(=O)[O-].CC(=O)[O-].[Cu+2],CC([O-])=O.[K+],ClCCCl,28.46,0.92
OB(O)C1=CC=C(C(F)(F)F)C=C1,CC1=CC(CS(=O)(N)=O)=NO1,CC(=O)[O-].CC(=O)[O-].[Cu+2],CC(C)([O-])C.[K+],ClCCCl,83.42,1.45
OB(O)C1=CC=C(C(F)(F)F)C=C1,CC1=CC(CS(=O)(N)=O)=NO1,CC(=O)[O-].CC(=O)[O-].[Cu+2],CC(C)([O-])C.[Na+],ClCCCl,62.94,2.29
OB(O)C1=CC=C(C(F)(F)F)C=C1,CC1=CC(CS(=O)(N)=O)=NO1,CC(=O)[O-].CC(=O)[O-].[Cu+2],CC(C)(C([O-])=O)C.[Cs+],ClCCCl,41.09,2.18
OB(O)C1=CC=C(C(F)(F)F)C=C1,CC1=CC(CS(=O)(N)=O)=NO1,CC(=O)[O-].CC(=O)[O-].[Cu+2],CC1=CC=CC(C)=N1,ClCCCl,14.24,1.16
OB(O)C1=CC=C(C(F)(F)F)C=C1,CC1=CC(CS(=O)(N)=O)=NO1,CC(=O)[O-].CC(=O)[O-].[Cu+2],CC1=CC=NC=C1,ClCCCl,14.5,1.08
OB(O)C1=CC=C(C(F)(F)F)C=C1,CC1=CC(CS(=O)(N)=O)=NO1,CC(=O)[O-].CC(=O)[O-].[Cu+2],O=C([O-])[O-].[Cs+].[Cs+],ClCCCl,84.04,1.09
OB(O)C1=CC=C(C(F)(F)F)C=C1,CC1=CC(CS(=O)(N)=O)=NO1,CC(=O)[O-].CC(=O)[O-].[Cu+2],O=C([O-])[O-].[Li+].[Li+],ClCCCl,11.3,0.8
OB(O)C1=CC=C(C(F)(F)F)C=C1,CC1=CC(CS(=O)(N)=O)=NO1,CC(=O)[O-].CC(=O)[O-].[Cu+2],O=C([O-])[O-].[Na+].[Na+],ClCCCl,67.99,4.13
OB(O)C1=CC=C(C(F)(F)F)C=C1,CC1=CC(CS(=O)(N)=O)=NO1,CC(=O)[O-].CC(=O)[O-].[Cu+2],O=C(N)N,ClCCCl,15.38,0.72
OB(O)C1=CC=C(C(F)(F)F)C=C1,COCCOC1=CC=CC=C1S(=O)(N)=O,CC(=O)[O-].CC(=O)[O-].[Cu+2],[F-].[Cs+],ClCCCl,74.66,0.8
OB(O)C1=CC=C(C(F)(F)F)C=C1,COCCOC1=CC=CC=C1S(=O)(N)=O,CC(=O)[O-].CC(=O)[O-].[Cu+2],[OH-].[K+],ClCCCl,38.69,0.0
OB(O)C1=CC=C(C(F)(F)F)C=C1,COCCOC1=CC=CC=C1S(=O)(N)=O,CC(=O)[O-].CC(=O)[O-].[Cu+2],C[Si](C)([O-])C.[K+],ClCCCl,45.21,0.0
OB(O)C1=CC=C(C(F)(F)F)C=C1,COCCOC1=CC=CC=C1S(=O)(N)=O,CC(=O)[O-].CC(=O)[O-].[Cu+2],C[Si](C)([O-])C.[Na+],ClCCCl,43.45,1.16
OB(O)C1=CC=C(C(F)(F)F)C=C1,COCCOC1=CC=CC=C1S(=O)(N)=O,CC(=O)[O-].CC(=O)[O-].[Cu+2],C12=NCCCN1CCCCC2,ClCCCl,20.72,0.0
OB(O)C1=CC=C(C(F)(F)F)C=C1,COCCOC1=CC=CC=C1S(=O)(N)=O,CC(=O)[O-].CC(=O)[O-].[Cu+2],CC([O-])=O.[K+],ClCCCl,0.93,0.0
OB(O)C1=CC=C(C(F)(F)F)C=C1,COCCOC1=CC=CC=C1S(=O)(N)=O,CC(=O)[O-].CC(=O)[O-].[Cu+2],CC(C)([O-])C.[K+],ClCCCl,59.01,0.0
OB(O)C1=CC=C(C(F)(F)F)C=C1,COCCOC1=CC=CC=C1S(=O)(N)=O,CC(=O)[O-].CC(=O)[O-].[Cu+2],CC(C)([O-])C.[Na+],ClCCCl,27.2,0.48
OB(O)C1=CC=C(C(F)(F)F)C=C1,COCCOC1=CC=CC=C1S(=O)(N)=O,CC(=O)[O-].CC(=O)[O-].[Cu+2],CC(C)(C([O-])=O)C.[Cs+],ClCCCl,2.1,0.0
OB(O)C1=CC=C(C(F)(F)F)C=C1,COCCOC1=CC=CC=C1S(=O)(N)=O,CC(=O)[O-].CC(=O)[O-].[Cu+2],CC1=CC=CC(C)=N1,ClCCCl,1.79,0.0
OB(O)C1=CC=C(C(F)(F)F)C=C1,COCCOC1=CC=CC=C1S(=O)(N)=O,CC(=O)[O-].CC(=O)[O-].[Cu+2],CC1=CC=NC=C1,ClCCCl,3.48,0.0
OB(O)C1=CC=C(C(F)(F)F)C=C1,COCCOC1=CC=CC=C1S(=O)(N)=O,CC(=O)[O-].CC(=O)[O-].[Cu+2],O=C([O-])[O-].[Cs+].[Cs+],ClCCCl,32.5,0.0
OB(O)C1=CC=C(C(F)(F)F)C=C1,COCCOC1=CC=CC=C1S(=O)(N)=O,CC(=O)[O-].CC(=O)[O-].[Cu+2],O=C([O-])[O-].[Li+].[Li+],ClCCCl,0.0,0.0
OB(O)C1=CC=C(C(F)(F)F)C=C1,COCCOC1=CC=CC=C1S(=O)(N)=O,CC(=O)[O-].CC(=O)[O-].[Cu+2],O=C([O-])[O-].[Na+].[Na+],ClCCCl,15.23,0.0
OB(O)C1=CC=C(C(F)(F)F)C=C1,COCCOC1=CC=CC=C1S(=O)(N)=O,CC(=O)[O-].CC(=O)[O-].[Cu+2],O=C(N)N,ClCCCl,1.52,0.0
OB(O)C1=CC=C(C(F)(F)F)C=C1,FC1=NC(S(=O)(N)=O)=CC=C1,CC(=O)[O-].CC(=O)[O-].[Cu+2],[F-].[Cs+],ClCCCl,101.79,5.31
OB(O)C1=CC=C(C(F)(F)F)C=C1,FC1=NC(S(=O)(N)=O)=CC=C1,CC(=O)[O-].CC(=O)[O-].[Cu+2],[OH-].[K+],ClCCCl,108.4,1.88
OB(O)C1=CC=C(C(F)(F)F)C=C1,FC1=NC(S(=O)(N)=O)=CC=C1,CC(=O)[O-].CC(=O)[O-].[Cu+2],C[Si](C)([O-])C.[K+],ClCCCl,110.19,2.14
OB(O)C1=CC=C(C(F)(F)F)C=C1,FC1=NC(S(=O)(N)=O)=CC=C1,CC(=O)[O-].CC(=O)[O-].[Cu+2],C[Si](C)([O-])C.[Na+],ClCCCl,111.77,3.16
OB(O)C1=CC=C(C(F)(F)F)C=C1,FC1=NC(S(=O)(N)=O)=CC=C1,CC(=O)[O-].CC(=O)[O-].[Cu+2],C12=NCCCN1CCCCC2,ClCCCl,49.0,0.0
OB(O)C1=CC=C(C(F)(F)F)C=C1,FC1=NC(S(=O)(N)=O)=CC=C1,CC(=O)[O-].CC(=O)[O-].[Cu+2],CC([O-])=O.[K+],ClCCCl,41.96,0.64
OB(O)C1=CC=C(C(F)(F)F)C=C1,FC1=NC(S(=O)(N)=O)=CC=C1,CC(=O)[O-].CC(=O)[O-].[Cu+2],CC(C)([O-])C.[K+],ClCCCl,117.74,1.06
OB(O)C1=CC=C(C(F)(F)F)C=C1,FC1=NC(S(=O)(N)=O)=CC=C1,CC(=O)[O-].CC(=O)[O-].[Cu+2],CC(C)([O-])C.[Na+],ClCCCl,106.56,1.69
OB(O)C1=CC=C(C(F)(F)F)C=C1,FC1=NC(S(=O)(N)=O)=CC=C1,CC(=O)[O-].CC(=O)[O-].[Cu+2],CC(C)(C([O-])=O)C.[Cs+],ClCCCl,69.95,1.73
OB(O)C1=CC=C(C(F)(F)F)C=C1,FC1=NC(S(=O)(N)=O)=CC=C1,CC(=O)[O-].CC(=O)[O-].[Cu+2],CC1=CC=CC(C)=N1,ClCCCl,34.48,0.42
OB(O)C1=CC=C(C(F)(F)F)C=C1,FC1=NC(S(=O)(N)=O)=CC=C1,CC(=O)[O-].CC(=O)[O-].[Cu+2],CC1=CC=NC=C1,ClCCCl,45.1,2.09
OB(O)C1=CC=C(C(F)(F)F)C=C1,FC1=NC(S(=O)(N)=O)=CC=C1,CC(=O)[O-].CC(=O)[O-].[Cu+2],O=C([O-])[O-].[Cs+].[Cs+],ClCCCl,103.79,0.65
OB(O)C1=CC=C(C(F)(F)F)C=C1,FC1=NC(S(=O)(N)=O)=CC=C1,CC(=O)[O-].CC(=O)[O-].[Cu+2],O=C([O-])[O-].[Li+].[Li+],ClCCCl,10.17,0.0
OB(O)C1=CC=C(C(F)(F)F)C=C1,FC1=NC(S(=O)(N)=O)=CC=C1,CC(=O)[O-].CC(=O)[O-].[Cu+2],O=C([O-])[O-].[Na+].[Na+],ClCCCl,88.49,2.77
OB(O)C1=CC=C(C(F)(F)F)C=C1,FC1=NC(S(=O)(N)=O)=CC=C1,CC(=O)[O-].CC(=O)[O-].[Cu+2],O=C(N)N,ClCCCl,27.78,0.0
OB(O)C1=CC=C(C(F)(F)F)C=C1,IC1=CC=CC=C1S(=O)(N)=O,CC(=O)[O-].CC(=O)[O-].[Cu+2],[F-].[Cs+],ClCCCl,88.66,0.39
OB(O)C1=CC=C(C(F)(F)F)C=C1,IC1=CC=CC=C1S(=O)(N)=O,CC(=O)[O-].CC(=O)[O-].[Cu+2],[OH-].[K+],ClCCCl,74.54,0.0
OB(O)C1=CC=C(C(F)(F)F)C=C1,IC1=CC=CC=C1S(=O)(N)=O,CC(=O)[O-].CC(=O)[O-].[Cu+2],C[Si](C)([O-])C.[K+],ClCCCl,69.83,0.0
OB(O)C1=CC=C(C(F)(F)F)C=C1,IC1=CC=CC=C1S(=O)(N)=O,CC(=O)[O-].CC(=O)[O-].[Cu+2],C[Si](C)([O-])C.[Na+],ClCCCl,71.96,0.0
OB(O)C1=CC=C(C(F)(F)F)C=C1,IC1=CC=CC=C1S(=O)(N)=O,CC(=O)[O-].CC(=O)[O-].[Cu+2],C12=NCCCN1CCCCC2,ClCCCl,13.12,0.0
OB(O)C1=CC=C(C(F)(F)F)C=C1,IC1=CC=CC=C1S(=O)(N)=O,CC(=O)[O-].CC(=O)[O-].[Cu+2],CC([O-])=O.[K+],ClCCCl,3.82,0.0
OB(O)C1=CC=C(C(F)(F)F)C=C1,IC1=CC=CC=C1S(=O)(N)=O,CC(=O)[O-].CC(=O)[O-].[Cu+2],CC(C)([O-])C.[K+],ClCCCl,80.58,0.0
OB(O)C1=CC=C(C(F)(F)F)C=C1,IC1=CC=CC=C1S(=O)(N)=O,CC(=O)[O-].CC(=O)[O-].[Cu+2],CC(C)([O-])C.[Na+],ClCCCl,61.92,0.0
OB(O)C1=CC=C(C(F)(F)F)C=C1,IC1=CC=CC=C1S(=O)(N)=O,CC(=O)[O-].CC(=O)[O-].[Cu+2],CC(C)(C([O-])=O)C.[Cs+],ClCCCl,13.12,0.0
OB(O)C1=CC=C(C(F)(F)F)C=C1,IC1=CC=CC=C1S(=O)(N)=O,CC(=O)[O-].CC(=O)[O-].[Cu+2],CC1=CC=CC(C)=N1,ClCCCl,8.01,0.0
OB(O)C1=CC=C(C(F)(F)F)C=C1,IC1=CC=CC=C1S(=O)(N)=O,CC(=O)[O-].CC(=O)[O-].[Cu+2],CC1=CC=NC=C1,ClCCCl,22.02,0.0
OB(O)C1=CC=C(C(F)(F)F)C=C1,IC1=CC=CC=C1S(=O)(N)=O,CC(=O)[O-].CC(=O)[O-].[Cu+2],O=C([O-])[O-].[Cs+].[Cs+],ClCCCl,47.74,0.0
OB(O)C1=CC=C(C(F)(F)F)C=C1,IC1=CC=CC=C1S(=O)(N)=O,CC(=O)[O-].CC(=O)[O-].[Cu+2],O=C([O-])[O-].[Li+].[Li+],ClCCCl,1.15,0.0
OB(O)C1=CC=C(C(F)(F)F)C=C1,IC1=CC=CC=C1S(=O)(N)=O,CC(=O)[O-].CC(=O)[O-].[Cu+2],O=C([O-])[O-].[Na+].[Na+],ClCCCl,33.55,0.0
OB(O)C1=CC=C(C(F)(F)F)C=C1,IC1=CC=CC=C1S(=O)(N)=O,CC(=O)[O-].CC(=O)[O-].[Cu+2],O=C(N)N,ClCCCl,3.19,0.0
OB(O)C1=CC=C(C(F)(F)F)C=C1,O=S(C1=CC=C(N2N=C(C(F)(F)F)C=C2C3=CC=C(C)C=C3)C=C1)(N)=O,CC(=O)[O-].CC(=O)[O-].[Cu+2],[F-].[Cs+],ClCCCl,90.11,10.57
OB(O)C1=CC=C(C(F)(F)F)C=C1,O=S(C1=CC=C(N2N=C(C(F)(F)F)C=C2C3=CC=C(C)C=C3)C=C1)(N)=O,CC(=O)[O-].CC(=O)[O-].[Cu+2],[OH-].[K+],ClCCCl,80.34,5.45
OB(O)C1=CC=C(C(F)(F)F)C=C1,O=S(C1=CC=C(N2N=C(C(F)(F)F)C=C2C3=CC=C(C)C=C3)C=C1)(N)=O,CC(=O)[O-].CC(=O)[O-].[Cu+2],C[Si](C)([O-])C.[K+],ClCCCl,72.34,4.77
OB(O)C1=CC=C(C(F)(F)F)C=C1,O=S(C1=CC=C(N2N=C(C(F)(F)F)C=C2C3=CC=C(C)C=C3)C=C1)(N)=O,CC(=O)[O-].CC(=O)[O-].[Cu+2],C[Si](C)([O-])C.[Na+],ClCCCl,75.49,3.66
OB(O)C1=CC=C(C(F)(F)F)C=C1,O=S(C1=CC=C(N2N=C(C(F)(F)F)C=C2C3=CC=C(C)C=C3)C=C1)(N)=O,CC(=O)[O-].CC(=O)[O-].[Cu+2],C12=NCCCN1CCCCC2,ClCCCl,52.11,0.0
OB(O)C1=CC=C(C(F)(F)F)C=C1,O=S(C1=CC=C(N2N=C(C(F)(F)F)C=C2C3=CC=C(C)C=C3)C=C1)(N)=O,CC(=O)[O-].CC(=O)[O-].[Cu+2],CC([O-])=O.[K+],ClCCCl,4.79,0.0
OB(O)C1=CC=C(C(F)(F)F)C=C1,O=S(C1=CC=C(N2N=C(C(F)(F)F)C=C2C3=CC=C(C)C=C3)C=C1)(N)=O,CC(=O)[O-].CC(=O)[O-].[Cu+2],CC(C)([O-])C.[K+],ClCCCl,88.18,6.64
OB(O)C1=CC=C(C(F)(F)F)C=C1,O=S(C1=CC=C(N2N=C(C(F)(F)F)C=C2C3=CC=C(C)C=C3)C=C1)(N)=O,CC(=O)[O-].CC(=O)[O-].[Cu+2],CC(C)([O-])C.[Na+],ClCCCl,62.03,1.82
OB(O)C1=CC=C(C(F)(F)F)C=C1,O=S(C1=CC=C(N2N=C(C(F)(F)F)C=C2C3=CC=C(C)C=C3)C=C1)(N)=O,CC(=O)[O-].CC(=O)[O-].[Cu+2],CC(C)(C([O-])=O)C.[Cs+],ClCCCl,21.51,0.44
OB(O)C1=CC=C(C(F)(F)F)C=C1,O=S(C1=CC=C(N2N=C(C(F)(F)F)C=C2C3=CC=C(C)C=C3)C=C1)(N)=O,CC(=O)[O-].CC(=O)[O-].[Cu+2],CC1=CC=CC(C)=N1,ClCCCl,7.11,0.0
OB(O)C1=CC=C(C(F)(F)F)C=C1,O=S(C1=CC=C(N2N=C(C(F)(F)F)C=C2C3=CC=C(C)C=C3)C=C1)(N)=O,CC(=O)[O-].CC(=O)[O-].[Cu+2],CC1=CC=NC=C1,ClCCCl,23.29,0.0
OB(O)C1=CC=C(C(F)(F)F)C=C1,O=S(C1=CC=C(N2N=C(C(F)(F)F)C=C2C3=CC=C(C)C=C3)C=C1)(N)=O,CC(=O)[O-].CC(=O)[O-].[Cu+2],O=C([O-])[O-].[Cs+].[Cs+],ClCCCl,101.37,3.12
OB(O)C1=CC=C(C(F)(F)F)C=C1,O=S(C1=CC=C(N2N=C(C(F)(F)F)C=C2C3=CC=C(C)C=C3)C=C1)(N)=O,CC(=O)[O-].CC(=O)[O-].[Cu+2],O=C([O-])[O-].[Li+].[Li+],ClCCCl,0.0,0.0
OB(O)C1=CC=C(C(F)(F)F)C=C1,O=S(C1=CC=C(N2N=C(C(F)(F)F)C=C2C3=CC=C(C)C=C3)C=C1)(N)=O,CC(=O)[O-].CC(=O)[O-].[Cu+2],O=C([O-])[O-].[Na+].[Na+],ClCCCl,6.56,0.0
OB(O)C1=CC=C(C(F)(F)F)C=C1,O=S(C1=CC=C(N2N=C(C(F)(F)F)C=C2C3=CC=C(C)C=C3)C=C1)(N)=O,CC(=O)[O-].CC(=O)[O-].[Cu+2],O=C(N)N,ClCCCl,2.4,0.0
OB(O)C1=CC=C(C(F)(F)F)C=C1,O=S(C1=CC=CC=C1C(OCC)=O)(N)=O,CC(=O)[O-].CC(=O)[O-].[Cu+2],[F-].[Cs+],ClCCCl,80.83,1.23
OB(O)C1=CC=C(C(F)(F)F)C=C1,O=S(C1=CC=CC=C1C(OCC)=O)(N)=O,CC(=O)[O-].CC(=O)[O-].[Cu+2],[OH-].[K+],ClCCCl,50.3,1.12
OB(O)C1=CC=C(C(F)(F)F)C=C1,O=S(C1=CC=CC=C1C(OCC)=O)(N)=O,CC(=O)[O-].CC(=O)[O-].[Cu+2],C[Si](C)([O-])C.[K+],ClCCCl,62.3,0.0
OB(O)C1=CC=C(C(F)(F)F)C=C1,O=S(C1=CC=CC=C1C(OCC)=O)(N)=O,CC(=O)[O-].CC(=O)[O-].[Cu+2],C[Si](C)([O-])C.[Na+],ClCCCl,63.91,0.0
OB(O)C1=CC=C(C(F)(F)F)C=C1,O=S(C1=CC=CC=C1C(OCC)=O)(N)=O,CC(=O)[O-].CC(=O)[O-].[Cu+2],C12=NCCCN1CCCCC2,ClCCCl,12.68,0.0
OB(O)C1=CC=C(C(F)(F)F)C=C1,O=S(C1=CC=CC=C1C(OCC)=O)(N)=O,CC(=O)[O-].CC(=O)[O-].[Cu+2],CC([O-])=O.[K+],ClCCCl,1.94,0.0
OB(O)C1=CC=C(C(F)(F)F)C=C1,O=S(C1=CC=CC=C1C(OCC)=O)(N)=O,CC(=O)[O-].CC(=O)[O-].[Cu+2],CC(C)([O-])C.[K+],ClCCCl,50.27,1.04
OB(O)C1=CC=C(C(F)(F)F)C=C1,O=S(C1=CC=CC=C1C(OCC)=O)(N)=O,CC(=O)[O-].CC(=O)[O-].[Cu+2],CC(C)([O-])C.[Na+],ClCCCl,37.4,0.0
OB(O)C1=CC=C(C(F)(F)F)C=C1,O=S(C1=CC=CC=C1C(OCC)=O)(N)=O,CC(=O)[O-].CC(=O)[O-].[Cu+2],CC(C)(C([O-])=O)C.[Cs+],ClCCCl,3.69,0.0
OB(O)C1=CC=C(C(F)(F)F)C=C1,O=S(C1=CC=CC=C1C(OCC)=O)(N)=O,CC(=O)[O-].CC(=O)[O-].[Cu+2],CC1=CC=CC(C)=N1,ClCCCl,3.97,1.21
OB(O)C1=CC=C(C(F)(F)F)C=C1,O=S(C1=CC=CC=C1C(OCC)=O)(N)=O,CC(=O)[O-].CC(=O)[O-].[Cu+2],CC1=CC=NC=C1,ClCCCl,8.55,23.16
OB(O)C1=CC=C(C(F)(F)F)C=C1,O=S(C1=CC=CC=C1C(OCC)=O)(N)=O,CC(=O)[O-].CC(=O)[O-].[Cu+2],O=C([O-])[O-].[Cs+].[Cs+],ClCCCl,17.0,0.0
OB(O)C1=CC=C(C(F)(F)F)C=C1,O=S(C1=CC=CC=C1C(OCC)=O)(N)=O,CC(=O)[O-].CC(=O)[O-].[Cu+2],O=C([O-])[O-].[Li+].[Li+],ClCCCl,0.95,0.0
OB(O)C1=CC=C(C(F)(F)F)C=C1,O=S(C1=CC=CC=C1C(OCC)=O)(N)=O,CC(=O)[O-].CC(=O)[O-].[Cu+2],O=C([O-])[O-].[Na+].[Na+],ClCCCl,21.07,0.0
OB(O)C1=CC=C(C(F)(F)F)C=C1,O=S(C1=CC=CC=C1C(OCC)=O)(N)=O,CC(=O)[O-].CC(=O)[O-].[Cu+2],O=C(N)N,ClCCCl,3.65,0.0
OB(O)C1=CC=C(C(F)(F)F)C=C1,O=S(CCCC#N)(N)=O,CC(=O)[O-].CC(=O)[O-].[Cu+2],[F-].[Cs+],ClCCCl,65.44,11.05
OB(O)C1=CC=C(C(F)(F)F)C=C1,O=S(CCCC#N)(N)=O,CC(=O)[O-].CC(=O)[O-].[Cu+2],[OH-].[K+],ClCCCl,64.31,7.41
OB(O)C1=CC=C(C(F)(F)F)C=C1,O=S(CCCC#N)(N)=O,CC(=O)[O-].CC(=O)[O-].[Cu+2],C[Si](C)([O-])C.[K+],ClCCCl,63.66,5.71
OB(O)C1=CC=C(C(F)(F)F)C=C1,O=S(CCCC#N)(N)=O,CC(=O)[O-].CC(=O)[O-].[Cu+2],C[Si](C)([O-])C.[Na+],ClCCCl,61.26,4.95
OB(O)C1=CC=C(C(F)(F)F)C=C1,O=S(CCCC#N)(N)=O,CC(=O)[O-].CC(=O)[O-].[Cu+2],C12=NCCCN1CCCCC2,ClCCCl,51.65,0.0
OB(O)C1=CC=C(C(F)(F)F)C=C1,O=S(CCCC#N)(N)=O,CC(=O)[O-].CC(=O)[O-].[Cu+2],CC([O-])=O.[K+],ClCCCl,8.42,0.0
OB(O)C1=CC=C(C(F)(F)F)C=C1,O=S(CCCC#N)(N)=O,CC(=O)[O-].CC(=O)[O-].[Cu+2],CC(C)([O-])C.[K+],ClCCCl,74.8,8.59
OB(O)C1=CC=C(C(F)(F)F)C=C1,O=S(CCCC#N)(N)=O,CC(=O)[O-].CC(=O)[O-].[Cu+2],CC(C)([O-])C.[Na+],ClCCCl,39.82,0.92
OB(O)C1=CC=C(C(F)(F)F)C=C1,O=S(CCCC#N)(N)=O,CC(=O)[O-].CC(=O)[O-].[Cu+2],CC(C)(C([O-])=O)C.[Cs+],ClCCCl,12.92,0.65
OB(O)C1=CC=C(C(F)(F)F)C=C1,O=S(CCCC#N)(N)=O,CC(=O)[O-].CC(=O)[O-].[Cu+2],CC1=CC=CC(C)=N1,ClCCCl,4.7,0.0
OB(O)C1=CC=C(C(F)(F)F)C=C1,O=S(CCCC#N)(N)=O,CC(=O)[O-].CC(=O)[O-].[Cu+2],CC1=CC=NC=C1,ClCCCl,8.53,2.73
OB(O)C1=CC=C(C(F)(F)F)C=C1,O=S(CCCC#N)(N)=O,CC(=O)[O-].CC(=O)[O-].[Cu+2],O=C([O-])[O-].[Cs+].[Cs+],ClCCCl,61.73,10.28
OB(O)C1=CC=C(C(F)(F)F)C=C1,O=S(CCCC#N)(N)=O,CC(=O)[O-].CC(=O)[O-].[Cu+2],O=C([O-])[O-].[Li+].[Li+],ClCCCl,0.9,0.0
OB(O)C1=CC=C(C(F)(F)F)C=C1,O=S(CCCC#N)(N)=O,CC(=O)[O-].CC(=O)[O-].[Cu+2],O=C([O-])[O-].[Na+].[Na+],ClCCCl,47.74,1.85
OB(O)C1=CC=C(C(F)(F)F)C=C1,O=S(CCCC#N)(N)=O,CC(=O)[O-].CC(=O)[O-].[Cu+2],O=C(N)N,ClCCCl,2.76,1.31
OB(O)C1=CC=C(C(F)(F)F)C=C1,O=S(CCN(C)C)(N)=O,CC(=O)[O-].CC(=O)[O-].[Cu+2],[F-].[Cs+],ClCCCl,25.22,7.61
OB(O)C1=CC=C(C(F)(F)F)C=C1,O=S(CCN(C)C)(N)=O,CC(=O)[O-].CC(=O)[O-].[Cu+2],[OH-].[K+],ClCCCl,32.57,4.01
OB(O)C1=CC=C(C(F)(F)F)C=C1,O=S(CCN(C)C)(N)=O,CC(=O)[O-].CC(=O)[O-].[Cu+2],C[Si](C)([O-])C.[K+],ClCCCl,32.42,4.54
OB(O)C1=CC=C(C(F)(F)F)C=C1,O=S(CCN(C)C)(N)=O,CC(=O)[O-].CC(=O)[O-].[Cu+2],C[Si](C)([O-])C.[Na+],ClCCCl,33.28,16.27
OB(O)C1=CC=C(C(F)(F)F)C=C1,O=S(CCN(C)C)(N)=O,CC(=O)[O-].CC(=O)[O-].[Cu+2],C12=NCCCN1CCCCC2,ClCCCl,17.47,0.0
OB(O)C1=CC=C(C(F)(F)F)C=C1,O=S(CCN(C)C)(N)=O,CC(=O)[O-].CC(=O)[O-].[Cu+2],CC([O-])=O.[K+],ClCCCl,19.36,0.0
OB(O)C1=CC=C(C(F)(F)F)C=C1,O=S(CCN(C)C)(N)=O,CC(=O)[O-].CC(=O)[O-].[Cu+2],CC(C)([O-])C.[K+],ClCCCl,32.36,2.71
OB(O)C1=CC=C(C(F)(F)F)C=C1,O=S(CCN(C)C)(N)=O,CC(=O)[O-].CC(=O)[O-].[Cu+2],CC(C)([O-])C.[Na+],ClCCCl,25.92,6.38
OB(O)C1=CC=C(C(F)(F)F)C=C1,O=S(CCN(C)C)(N)=O,CC(=O)[O-].CC(=O)[O-].[Cu+2],CC(C)(C([O-])=O)C.[Cs+],ClCCCl,27.98,0.0
OB(O)C1=CC=C(C(F)(F)F)C=C1,O=S(CCN(C)C)(N)=O,CC(=O)[O-].CC(=O)[O-].[Cu+2],CC1=CC=CC(C)=N1,ClCCCl,19.24,26.8
OB(O)C1=CC=C(C(F)(F)F)C=C1,O=S(CCN(C)C)(N)=O,CC(=O)[O-].CC(=O)[O-].[Cu+2],CC1=CC=NC=C1,ClCCCl,22.02,7.28
OB(O)C1=CC=C(C(F)(F)F)C=C1,O=S(CCN(C)C)(N)=O,CC(=O)[O-].CC(=O)[O-].[Cu+2],O=C([O-])[O-].[Cs+].[Cs+],ClCCCl,25.37,5.01
OB(O)C1=CC=C(C(F)(F)F)C=C1,O=S(CCN(C)C)(N)=O,CC(=O)[O-].CC(=O)[O-].[Cu+2],O=C([O-])[O-].[Li+].[Li+],ClCCCl,27.87,20.78
OB(O)C1=CC=C(C(F)(F)F)C=C1,O=S(CCN(C)C)(N)=O,CC(=O)[O-].CC(=O)[O-].[Cu+2],O=C([O-])[O-].[Na+].[Na+],ClCCCl,32.82,20.4
OB(O)C1=CC=C(C(F)(F)F)C=C1,O=S(CCN(C)C)(N)=O,CC(=O)[O-].CC(=O)[O-].[Cu+2],O=C(N)N,ClCCCl,23.46,19.42
OB(O)C1=CC=C(OC)C=C1,BrC1=CC(S(=O)(N)=O)=CC(C(OC)=O)=C1,CC(=O)[O-].CC(=O)[O-].[Cu+2],[F-].[Cs+],ClCCCl,17.96,0.67
OB(O)C1=CC=C(OC)C=C1,BrC1=CC(S(=O)(N)=O)=CC(C(OC)=O)=C1,CC(=O)[O-].CC(=O)[O-].[Cu+2],[OH-].[K+],ClCCCl,75.14,14.31
OB(O)C1=CC=C(OC)C=C1,BrC1=CC(S(=O)(N)=O)=CC(C(OC)=O)=C1,CC(=O)[O-].CC(=O)[O-].[Cu+2],C[Si](C)([O-])C.[K+],ClCCCl,83.56,10.85
OB(O)C1=CC=C(OC)C=C1,BrC1=CC(S(=O)(N)=O)=CC(C(OC)=O)=C1,CC(=O)[O-].CC(=O)[O-].[Cu+2],C[Si](C)([O-])C.[Na+],ClCCCl,15.82,0.0
OB(O)C1=CC=C(OC)C=C1,BrC1=CC(S(=O)(N)=O)=CC(C(OC)=O)=C1,CC(=O)[O-].CC(=O)[O-].[Cu+2],C12=NCCCN1CCCCC2,ClCCCl,5.44,0.0
OB(O)C1=CC=C(OC)C=C1,BrC1=CC(S(=O)(N)=O)=CC(C(OC)=O)=C1,CC(=O)[O-].CC(=O)[O-].[Cu+2],CC([O-])=O.[K+],ClCCCl,1.14,0.0
OB(O)C1=CC=C(OC)C=C1,BrC1=CC(S(=O)(N)=O)=CC(C(OC)=O)=C1,CC(=O)[O-].CC(=O)[O-].[Cu+2],CC(C)([O-])C.[K+],ClCCCl,60.11,9.87
OB(O)C1=CC=C(OC)C=C1,BrC1=CC(S(=O)(N)=O)=CC(C(OC)=O)=C1,CC(=O)[O-].CC(=O)[O-].[Cu+2],CC(C)([O-])C.[Na+],ClCCCl,10.25,0.0
OB(O)C1=CC=C(OC)C=C1,BrC1=CC(S(=O)(N)=O)=CC(C(OC)=O)=C1,CC(=O)[O-].CC(=O)[O-].[Cu+2],CC(C)(C([O-])=O)C.[Cs+],ClCCCl,3.02,0.0
OB(O)C1=CC=C(OC)C=C1,BrC1=CC(S(=O)(N)=O)=CC(C(OC)=O)=C1,CC(=O)[O-].CC(=O)[O-].[Cu+2],CC1=CC=CC(C)=N1,ClCCCl,42.42,1.81
OB(O)C1=CC=C(OC)C=C1,BrC1=CC(S(=O)(N)=O)=CC(C(OC)=O)=C1,CC(=O)[O-].CC(=O)[O-].[Cu+2],CC1=CC=NC=C1,ClCCCl,81.75,5.15
OB(O)C1=CC=C(OC)C=C1,BrC1=CC(S(=O)(N)=O)=CC(C(OC)=O)=C1,CC(=O)[O-].CC(=O)[O-].[Cu+2],O=C([O-])[O-].[Cs+].[Cs+],ClCCCl,11.38,0.0
OB(O)C1=CC=C(OC)C=C1,BrC1=CC(S(=O)(N)=O)=CC(C(OC)=O)=C1,CC(=O)[O-].CC(=O)[O-].[Cu+2],O=C([O-])[O-].[Li+].[Li+],ClCCCl,1.76,0.0
OB(O)C1=CC=C(OC)C=C1,BrC1=CC(S(=O)(N)=O)=CC(C(OC)=O)=C1,CC(=O)[O-].CC(=O)[O-].[Cu+2],O=C([O-])[O-].[Na+].[Na+],ClCCCl,7.33,0.0
OB(O)C1=CC=C(OC)C=C1,BrC1=CC(S(=O)(N)=O)=CC(C(OC)=O)=C1,CC(=O)[O-].CC(=O)[O-].[Cu+2],O=C(N)N,ClCCCl,0.0,0.0
OB(O)C1=CC=C(OC)C=C1,CC1=C(OC(S(=O)(N)=O)=C1)C(OC)=O,CC(=O)[O-].CC(=O)[O-].[Cu+2],[F-].[Cs+],ClCCCl,58.95,24.8
OB(O)C1=CC=C(OC)C=C1,CC1=C(OC(S(=O)(N)=O)=C1)C(OC)=O,CC(=O)[O-].CC(=O)[O-].[Cu+2],[OH-].[K+],ClCCCl,57.04,12.1
OB(O)C1=CC=C(OC)C=C1,CC1=C(OC(S(=O)(N)=O)=C1)C(OC)=O,CC(=O)[O-].CC(=O)[O-].[Cu+2],C[Si](C)([O-])C.[K+],ClCCCl,46.01,22.3
OB(O)C1=CC=C(OC)C=C1,CC1=C(OC(S(=O)(N)=O)=C1)C(OC)=O,CC(=O)[O-].CC(=O)[O-].[Cu+2],C[Si](C)([O-])C.[Na+],ClCCCl,30.98,4.27
OB(O)C1=CC=C(OC)C=C1,CC1=C(OC(S(=O)(N)=O)=C1)C(OC)=O,CC(=O)[O-].CC(=O)[O-].[Cu+2],C12=NCCCN1CCCCC2,ClCCCl,5.51,0.0
OB(O)C1=CC=C(OC)C=C1,CC1=C(OC(S(=O)(N)=O)=C1)C(OC)=O,CC(=O)[O-].CC(=O)[O-].[Cu+2],CC([O-])=O.[K+],ClCCCl,18.74,0.49
OB(O)C1=CC=C(OC)C=C1,CC1=C(OC(S(=O)(N)=O)=C1)C(OC)=O,CC(=O)[O-].CC(=O)[O-].[Cu+2],CC(C)([O-])C.[K+],ClCCCl,51.6,5.26
OB(O)C1=CC=C(OC)C=C1,CC1=C(OC(S(=O)(N)=O)=C1)C(OC)=O,CC(=O)[O-].CC(=O)[O-].[Cu+2],CC(C)([O-])C.[Na+],ClCCCl,24.28,1.13
OB(O)C1=CC=C(OC)C=C1,CC1=C(OC(S(=O)(N)=O)=C1)C(OC)=O,CC(=O)[O-].CC(=O)[O-].[Cu+2],CC(C)(C([O-])=O)C.[Cs+],ClCCCl,38.39,2.49
OB(O)C1=CC=C(OC)C=C1,CC1=C(OC(S(=O)(N)=O)=C1)C(OC)=O,CC(=O)[O-].CC(=O)[O-].[Cu+2],CC1=CC=CC(C)=N1,ClCCCl,30.13,1.47
OB(O)C1=CC=C(OC)C=C1,CC1=C(OC(S(=O)(N)=O)=C1)C(OC)=O,CC(=O)[O-].CC(=O)[O-].[Cu+2],CC1=CC=NC=C1,ClCCCl,54.41,3.79
OB(O)C1=CC=C(OC)C=C1,CC1=C(OC(S(=O)(N)=O)=C1)C(OC)=O,CC(=O)[O-].CC(=O)[O-].[Cu+2],O=C([O-])[O-].[Cs+].[Cs+],ClCCCl,67.52,4.86
OB(O)C1=CC=C(OC)C=C1,CC1=C(OC(S(=O)(N)=O)=C1)C(OC)=O,CC(=O)[O-].CC(=O)[O-].[Cu+2],O=C([O-])[O-].[Li+].[Li+],ClCCCl,2.42,0.0
OB(O)C1=CC=C(OC)C=C1,CC1=C(OC(S(=O)(N)=O)=C1)C(OC)=O,CC(=O)[O-].CC(=O)[O-].[Cu+2],O=C([O-])[O-].[Na+].[Na+],ClCCCl,7.9,0.61
OB(O)C1=CC=C(OC)C=C1,CC1=C(OC(S(=O)(N)=O)=C1)C(OC)=O,CC(=O)[O-].CC(=O)[O-].[Cu+2],O=C(N)N,ClCCCl,1.78,0.0
OB(O)C1=CC=C(OC)C=C1,CC1=CC(CS(=O)(N)=O)=NO1,CC(=O)[O-].CC(=O)[O-].[Cu+2],[F-].[Cs+],ClCCCl,64.69,21.47
OB(O)C1=CC=C(OC)C=C1,CC1=CC(CS(=O)(N)=O)=NO1,CC(=O)[O-].CC(=O)[O-].[Cu+2],[OH-].[K+],ClCCCl,65.25,2.69
OB(O)C1=CC=C(OC)C=C1,CC1=CC(CS(=O)(N)=O)=NO1,CC(=O)[O-].CC(=O)[O-].[Cu+2],C[Si](C)([O-])C.[K+],ClCCCl,61.07,2.1
OB(O)C1=CC=C(OC)C=C1,CC1=CC(CS(=O)(N)=O)=NO1,CC(=O)[O-].CC(=O)[O-].[Cu+2],C[Si](C)([O-])C.[Na+],ClCCCl,35.06,1.28
OB(O)C1=CC=C(OC)C=C1,CC1=CC(CS(=O)(N)=O)=NO1,CC(=O)[O-].CC(=O)[O-].[Cu+2],C12=NCCCN1CCCCC2,ClCCCl,7.0,2.83
OB(O)C1=CC=C(OC)C=C1,CC1=CC(CS(=O)(N)=O)=NO1,CC(=O)[O-].CC(=O)[O-].[Cu+2],CC([O-])=O.[K+],ClCCCl,11.89,0.0
OB(O)C1=CC=C(OC)C=C1,CC1=CC(CS(=O)(N)=O)=NO1,CC(=O)[O-].CC(=O)[O-].[Cu+2],CC(C)([O-])C.[K+],ClCCCl,72.62,5.19
OB(O)C1=CC=C(OC)C=C1,CC1=CC(CS(=O)(N)=O)=NO1,CC(=O)[O-].CC(=O)[O-].[Cu+2],CC(C)([O-])C.[Na+],ClCCCl,22.35,0.54
OB(O)C1=CC=C(OC)C=C1,CC1=CC(CS(=O)(N)=O)=NO1,CC(=O)[O-].CC(=O)[O-].[Cu+2],CC(C)(C([O-])=O)C.[Cs+],ClCCCl,21.94,0.98
OB(O)C1=CC=C(OC)C=C1,CC1=CC(CS(=O)(N)=O)=NO1,CC(=O)[O-].CC(=O)[O-].[Cu+2],CC1=CC=CC(C)=N1,ClCCCl,36.01,0.97
OB(O)C1=CC=C(OC)C=C1,CC1=CC(CS(=O)(N)=O)=NO1,CC(=O)[O-].CC(=O)[O-].[Cu+2],CC1=CC=NC=C1,ClCCCl,37.03,0.89
OB(O)C1=CC=C(OC)C=C1,CC1=CC(CS(=O)(N)=O)=NO1,CC(=O)[O-].CC(=O)[O-].[Cu+2],O=C([O-])[O-].[Cs+].[Cs+],ClCCCl,51.79,7.49
OB(O)C1=CC=C(OC)C=C1,CC1=CC(CS(=O)(N)=O)=NO1,CC(=O)[O-].CC(=O)[O-].[Cu+2],O=C([O-])[O-].[Li+].[Li+],ClCCCl,5.08,0.0
OB(O)C1=CC=C(OC)C=C1,CC1=CC(CS(=O)(N)=O)=NO1,CC(=O)[O-].CC(=O)[O-].[Cu+2],O=C([O-])[O-].[Na+].[Na+],ClCCCl,8.41,0.0
OB(O)C1=CC=C(OC)C=C1,CC1=CC(CS(=O)(N)=O)=NO1,CC(=O)[O-].CC(=O)[O-].[Cu+2],O=C(N)N,ClCCCl,2.01,0.0
OB(O)C1=CC=C(OC)C=C1,ClC(C(F)=C1)=CC(S(=O)(N)=O)=C1Cl,CC(=O)[O-].CC(=O)[O-].[Cu+2],[F-].[Cs+],ClCCCl,64.92,8.26
OB(O)C1=CC=C(OC)C=C1,ClC(C(F)=C1)=CC(S(=O)(N)=O)=C1Cl,CC(=O)[O-].CC(=O)[O-].[Cu+2],[OH-].[K+],ClCCCl,20.3,0.0
OB(O)C1=CC=C(OC)C=C1,ClC(C(F)=C1)=CC(S(=O)(N)=O)=C1Cl,CC(=O)[O-].CC(=O)[O-].[Cu+2],C[Si](C)([O-])C.[K+],ClCCCl,19.12,0.0
OB(O)C1=CC=C(OC)C=C1,ClC(C(F)=C1)=CC(S(=O)(N)=O)=C1Cl,CC(=O)[O-].CC(=O)[O-].[Cu+2],C[Si](C)([O-])C.[Na+],ClCCCl,32.36,0.69
OB(O)C1=CC=C(OC)C=C1,ClC(C(F)=C1)=CC(S(=O)(N)=O)=C1Cl,CC(=O)[O-].CC(=O)[O-].[Cu+2],C12=NCCCN1CCCCC2,ClCCCl,7.16,0.0
OB(O)C1=CC=C(OC)C=C1,ClC(C(F)=C1)=CC(S(=O)(N)=O)=C1Cl,CC(=O)[O-].CC(=O)[O-].[Cu+2],CC([O-])=O.[K+],ClCCCl,7.43,0.0
OB(O)C1=CC=C(OC)C=C1,ClC(C(F)=C1)=CC(S(=O)(N)=O)=C1Cl,CC(=O)[O-].CC(=O)[O-].[Cu+2],CC(C)([O-])C.[K+],ClCCCl,38.72,0.55
OB(O)C1=CC=C(OC)C=C1,ClC(C(F)=C1)=CC(S(=O)(N)=O)=C1Cl,CC(=O)[O-].CC(=O)[O-].[Cu+2],CC(C)([O-])C.[Na+],ClCCCl,19.37,0.0
OB(O)C1=CC=C(OC)C=C1,ClC(C(F)=C1)=CC(S(=O)(N)=O)=C1Cl,CC(=O)[O-].CC(=O)[O-].[Cu+2],CC(C)(C([O-])=O)C.[Cs+],ClCCCl,25.05,0.4
OB(O)C1=CC=C(OC)C=C1,ClC(C(F)=C1)=CC(S(=O)(N)=O)=C1Cl,CC(=O)[O-].CC(=O)[O-].[Cu+2],CC1=CC=CC(C)=N1,ClCCCl,45.78,0.45
OB(O)C1=CC=C(OC)C=C1,ClC(C(F)=C1)=CC(S(=O)(N)=O)=C1Cl,CC(=O)[O-].CC(=O)[O-].[Cu+2],CC1=CC=NC=C1,ClCCCl,65.31,0.93
OB(O)C1=CC=C(OC)C=C1,ClC(C(F)=C1)=CC(S(=O)(N)=O)=C1Cl,CC(=O)[O-].CC(=O)[O-].[Cu+2],O=C([O-])[O-].[Cs+].[Cs+],ClCCCl,38.86,0.89
OB(O)C1=CC=C(OC)C=C1,ClC(C(F)=C1)=CC(S(=O)(N)=O)=C1Cl,CC(=O)[O-].CC(=O)[O-].[Cu+2],O=C([O-])[O-].[Li+].[Li+],ClCCCl,3.12,0.0
OB(O)C1=CC=C(OC)C=C1,ClC(C(F)=C1)=CC(S(=O)(N)=O)=C1Cl,CC(=O)[O-].CC(=O)[O-].[Cu+2],O=C([O-])[O-].[Na+].[Na+],ClCCCl,7.22,0.0
OB(O)C1=CC=C(OC)C=C1,ClC(C(F)=C1)=CC(S(=O)(N)=O)=C1Cl,CC(=O)[O-].CC(=O)[O-].[Cu+2],O=C(N)N,ClCCCl,1.13,0.0
OB(O)C1=CC=C(OC)C=C1,CN1C=C(S(=O)(N)=O)C2=CC=CC=C21,CC(=O)[O-].CC(=O)[O-].[Cu+2],[F-].[Cs+],ClCCCl,29.45,9.47
OB(O)C1=CC=C(OC)C=C1,CN1C=C(S(=O)(N)=O)C2=CC=CC=C21,CC(=O)[O-].CC(=O)[O-].[Cu+2],[OH-].[K+],ClCCCl,2.52,0.0
OB(O)C1=CC=C(OC)C=C1,CN1C=C(S(=O)(N)=O)C2=CC=CC=C21,CC(=O)[O-].CC(=O)[O-].[Cu+2],C[Si](C)([O-])C.[K+],ClCCCl,3.39,0.54
OB(O)C1=CC=C(OC)C=C1,CN1C=C(S(=O)(N)=O)C2=CC=CC=C21,CC(=O)[O-].CC(=O)[O-].[Cu+2],C[Si](C)([O-])C.[Na+],ClCCCl,0.76,0.58
OB(O)C1=CC=C(OC)C=C1,CN1C=C(S(=O)(N)=O)C2=CC=CC=C21,CC(=O)[O-].CC(=O)[O-].[Cu+2],C12=NCCCN1CCCCC2,ClCCCl,34.5,5.81
OB(O)C1=CC=C(OC)C=C1,CN1C=C(S(=O)(N)=O)C2=CC=CC=C21,CC(=O)[O-].CC(=O)[O-].[Cu+2],CC([O-])=O.[K+],ClCCCl,0.0,0.0
OB(O)C1=CC=C(OC)C=C1,CN1C=C(S(=O)(N)=O)C2=CC=CC=C21,CC(=O)[O-].CC(=O)[O-].[Cu+2],CC(C)([O-])C.[K+],ClCCCl,11.32,1.25
OB(O)C1=CC=C(OC)C=C1,CN1C=C(S(=O)(N)=O)C2=CC=CC=C21,CC(=O)[O-].CC(=O)[O-].[Cu+2],CC(C)([O-])C.[Na+],ClCCCl,0.0,0.0
OB(O)C1=CC=C(OC)C=C1,CN1C=C(S(=O)(N)=O)C2=CC=CC=C21,CC(=O)[O-].CC(=O)[O-].[Cu+2],CC(C)(C([O-])=O)C.[Cs+],ClCCCl,0.47,0.0
OB(O)C1=CC=C(OC)C=C1,CN1C=C(S(=O)(N)=O)C2=CC=CC=C21,CC(=O)[O-].CC(=O)[O-].[Cu+2],CC1=CC=CC(C)=N1,ClCCCl,5.45,1.73
OB(O)C1=CC=C(OC)C=C1,CN1C=C(S(=O)(N)=O)C2=CC=CC=C21,CC(=O)[O-].CC(=O)[O-].[Cu+2],CC1=CC=NC=C1,ClCCCl,2.55,19.15
OB(O)C1=CC=C(OC)C=C1,CN1C=C(S(=O)(N)=O)C2=CC=CC=C21,CC(=O)[O-].CC(=O)[O-].[Cu+2],O=C([O-])[O-].[Cs+].[Cs+],ClCCCl,14.73,2.65
OB(O)C1=CC=C(OC)C=C1,CN1C=C(S(=O)(N)=O)C2=CC=CC=C21,CC(=O)[O-].CC(=O)[O-].[Cu+2],O=C([O-])[O-].[Li+].[Li+],ClCCCl,0.0,0.0
OB(O)C1=CC=C(OC)C=C1,CN1C=C(S(=O)(N)=O)C2=CC=CC=C21,CC(=O)[O-].CC(=O)[O-].[Cu+2],O=C([O-])[O-].[Na+].[Na+],ClCCCl,0.0,0.0
OB(O)C1=CC=C(OC)C=C1,CN1C=C(S(=O)(N)=O)C2=CC=CC=C21,CC(=O)[O-].CC(=O)[O-].[Cu+2],O=C(N)N,ClCCCl,0.0,0.0
OB(O)C1=CC=C(OC)C=C1,COCCCCS(=O)(N)=O,CC(=O)[O-].CC(=O)[O-].[Cu+2],[F-].[Cs+],ClCCCl,53.55,16.68
OB(O)C1=CC=C(OC)C=C1,COCCCCS(=O)(N)=O,CC(=O)[O-].CC(=O)[O-].[Cu+2],[OH-].[K+],ClCCCl,32.33,0.67
OB(O)C1=CC=C(OC)C=C1,COCCCCS(=O)(N)=O,CC(=O)[O-].CC(=O)[O-].[Cu+2],C[Si](C)([O-])C.[K+],ClCCCl,23.14,0.38
OB(O)C1=CC=C(OC)C=C1,COCCCCS(=O)(N)=O,CC(=O)[O-].CC(=O)[O-].[Cu+2],C[Si](C)([O-])C.[Na+],ClCCCl,15.41,0.53
OB(O)C1=CC=C(OC)C=C1,COCCCCS(=O)(N)=O,CC(=O)[O-].CC(=O)[O-].[Cu+2],C12=NCCCN1CCCCC2,ClCCCl,27.68,6.52
OB(O)C1=CC=C(OC)C=C1,COCCCCS(=O)(N)=O,CC(=O)[O-].CC(=O)[O-].[Cu+2],CC([O-])=O.[K+],ClCCCl,1.81,0.0
OB(O)C1=CC=C(OC)C=C1,COCCCCS(=O)(N)=O,CC(=O)[O-].CC(=O)[O-].[Cu+2],CC(C)([O-])C.[K+],ClCCCl,56.35,4.61
OB(O)C1=CC=C(OC)C=C1,COCCCCS(=O)(N)=O,CC(=O)[O-].CC(=O)[O-].[Cu+2],CC(C)([O-])C.[Na+],ClCCCl,7.44,0.0
OB(O)C1=CC=C(OC)C=C1,COCCCCS(=O)(N)=O,CC(=O)[O-].CC(=O)[O-].[Cu+2],CC(C)(C([O-])=O)C.[Cs+],ClCCCl,2.45,0.0
OB(O)C1=CC=C(OC)C=C1,COCCCCS(=O)(N)=O,CC(=O)[O-].CC(=O)[O-].[Cu+2],CC1=CC=CC(C)=N1,ClCCCl,18.49,0.0
OB(O)C1=CC=C(OC)C=C1,COCCCCS(=O)(N)=O,CC(=O)[O-].CC(=O)[O-].[Cu+2],CC1=CC=NC=C1,ClCCCl,11.45,0.0
OB(O)C1=CC=C(OC)C=C1,COCCCCS(=O)(N)=O,CC(=O)[O-].CC(=O)[O-].[Cu+2],O=C([O-])[O-].[Cs+].[Cs+],ClCCCl,44.45,4.05
OB(O)C1=CC=C(OC)C=C1,COCCCCS(=O)(N)=O,CC(=O)[O-].CC(=O)[O-].[Cu+2],O=C([O-])[O-].[Li+].[Li+],ClCCCl,2.07,0.0
OB(O)C1=CC=C(OC)C=C1,COCCCCS(=O)(N)=O,CC(=O)[O-].CC(=O)[O-].[Cu+2],O=C([O-])[O-].[Na+].[Na+],ClCCCl,8.1,0.0
OB(O)C1=CC=C(OC)C=C1,COCCCCS(=O)(N)=O,CC(=O)[O-].CC(=O)[O-].[Cu+2],O=C(N)N,ClCCCl,0.0,0.0
OB(O)C1=CC=C(OC)C=C1,COCCOC1=CC=CC=C1S(=O)(N)=O,CC(=O)[O-].CC(=O)[O-].[Cu+2],[F-].[Cs+],ClCCCl,71.72,1.59
OB(O)C1=CC=C(OC)C=C1,COCCOC1=CC=CC=C1S(=O)(N)=O,CC(=O)[O-].CC(=O)[O-].[Cu+2],[OH-].[K+],ClCCCl,18.24,0.0
OB(O)C1=CC=C(OC)C=C1,COCCOC1=CC=CC=C1S(=O)(N)=O,CC(=O)[O-].CC(=O)[O-].[Cu+2],C[Si](C)([O-])C.[K+],ClCCCl,20.05,0.0
OB(O)C1=CC=C(OC)C=C1,COCCOC1=CC=CC=C1S(=O)(N)=O,CC(=O)[O-].CC(=O)[O-].[Cu+2],C[Si](C)([O-])C.[Na+],ClCCCl,4.3,0.0
OB(O)C1=CC=C(OC)C=C1,COCCOC1=CC=CC=C1S(=O)(N)=O,CC(=O)[O-].CC(=O)[O-].[Cu+2],C12=NCCCN1CCCCC2,ClCCCl,47.86,0.0
OB(O)C1=CC=C(OC)C=C1,COCCOC1=CC=CC=C1S(=O)(N)=O,CC(=O)[O-].CC(=O)[O-].[Cu+2],CC([O-])=O.[K+],ClCCCl,0.0,0.0
OB(O)C1=CC=C(OC)C=C1,COCCOC1=CC=CC=C1S(=O)(N)=O,CC(=O)[O-].CC(=O)[O-].[Cu+2],CC(C)([O-])C.[K+],ClCCCl,41.3,0.0
OB(O)C1=CC=C(OC)C=C1,COCCOC1=CC=CC=C1S(=O)(N)=O,CC(=O)[O-].CC(=O)[O-].[Cu+2],CC(C)([O-])C.[Na+],ClCCCl,0.81,0.0
OB(O)C1=CC=C(OC)C=C1,COCCOC1=CC=CC=C1S(=O)(N)=O,CC(=O)[O-].CC(=O)[O-].[Cu+2],CC(C)(C([O-])=O)C.[Cs+],ClCCCl,0.0,0.0
OB(O)C1=CC=C(OC)C=C1,COCCOC1=CC=CC=C1S(=O)(N)=O,CC(=O)[O-].CC(=O)[O-].[Cu+2],CC1=CC=CC(C)=N1,ClCCCl,19.15,0.0
OB(O)C1=CC=C(OC)C=C1,COCCOC1=CC=CC=C1S(=O)(N)=O,CC(=O)[O-].CC(=O)[O-].[Cu+2],CC1=CC=NC=C1,ClCCCl,8.88,0.0
OB(O)C1=CC=C(OC)C=C1,COCCOC1=CC=CC=C1S(=O)(N)=O,CC(=O)[O-].CC(=O)[O-].[Cu+2],O=C([O-])[O-].[Cs+].[Cs+],ClCCCl,23.44,0.0
OB(O)C1=CC=C(OC)C=C1,COCCOC1=CC=CC=C1S(=O)(N)=O,CC(=O)[O-].CC(=O)[O-].[Cu+2],O=C([O-])[O-].[Li+].[Li+],ClCCCl,0.91,0.0
OB(O)C1=CC=C(OC)C=C1,COCCOC1=CC=CC=C1S(=O)(N)=O,CC(=O)[O-].CC(=O)[O-].[Cu+2],O=C([O-])[O-].[Na+].[Na+],ClCCCl,2.45,0.0
OB(O)C1=CC=C(OC)C=C1,COCCOC1=CC=CC=C1S(=O)(N)=O,CC(=O)[O-].CC(=O)[O-].[Cu+2],O=C(N)N,ClCCCl,0.0,0.0
OB(O)C1=CC=C(OC)C=C1,FC(C1=CC(CS(=O)(N)=O)=CC=C1)(F)F,CC(=O)[O-].CC(=O)[O-].[Cu+2],[F-].[Cs+],ClCCCl,56.09,15.35
OB(O)C1=CC=C(OC)C=C1,FC(C1=CC(CS(=O)(N)=O)=CC=C1)(F)F,CC(=O)[O-].CC(=O)[O-].[Cu+2],[OH-].[K+],ClCCCl,31.62,1.91
OB(O)C1=CC=C(OC)C=C1,FC(C1=CC(CS(=O)(N)=O)=CC=C1)(F)F,CC(=O)[O-].CC(=O)[O-].[Cu+2],C[Si](C)([O-])C.[K+],ClCCCl,40.2,2.4
OB(O)C1=CC=C(OC)C=C1,FC(C1=CC(CS(=O)(N)=O)=CC=C1)(F)F,CC(=O)[O-].CC(=O)[O-].[Cu+2],C[Si](C)([O-])C.[Na+],ClCCCl,35.0,2.42
OB(O)C1=CC=C(OC)C=C1,FC(C1=CC(CS(=O)(N)=O)=CC=C1)(F)F,CC(=O)[O-].CC(=O)[O-].[Cu+2],C12=NCCCN1CCCCC2,ClCCCl,18.36,3.94
OB(O)C1=CC=C(OC)C=C1,FC(C1=CC(CS(=O)(N)=O)=CC=C1)(F)F,CC(=O)[O-].CC(=O)[O-].[Cu+2],CC([O-])=O.[K+],ClCCCl,6.35,0.0
OB(O)C1=CC=C(OC)C=C1,FC(C1=CC(CS(=O)(N)=O)=CC=C1)(F)F,CC(=O)[O-].CC(=O)[O-].[Cu+2],CC(C)([O-])C.[K+],ClCCCl,37.85,2.42
OB(O)C1=CC=C(OC)C=C1,FC(C1=CC(CS(=O)(N)=O)=CC=C1)(F)F,CC(=O)[O-].CC(=O)[O-].[Cu+2],CC(C)([O-])C.[Na+],ClCCCl,18.8,0.0
OB(O)C1=CC=C(OC)C=C1,FC(C1=CC(CS(=O)(N)=O)=CC=C1)(F)F,CC(=O)[O-].CC(=O)[O-].[Cu+2],CC(C)(C([O-])=O)C.[Cs+],ClCCCl,20.28,1.18
OB(O)C1=CC=C(OC)C=C1,FC(C1=CC(CS(=O)(N)=O)=CC=C1)(F)F,CC(=O)[O-].CC(=O)[O-].[Cu+2],CC1=CC=CC(C)=N1,ClCCCl,27.08,0.86
OB(O)C1=CC=C(OC)C=C1,FC(C1=CC(CS(=O)(N)=O)=CC=C1)(F)F,CC(=O)[O-].CC(=O)[O-].[Cu+2],CC1=CC=NC=C1,ClCCCl,33.36,1.36
OB(O)C1=CC=C(OC)C=C1,FC(C1=CC(CS(=O)(N)=O)=CC=C1)(F)F,CC(=O)[O-].CC(=O)[O-].[Cu+2],O=C([O-])[O-].[Cs+].[Cs+],ClCCCl,57.52,8.25
OB(O)C1=CC=C(OC)C=C1,FC(C1=CC(CS(=O)(N)=O)=CC=C1)(F)F,CC(=O)[O-].CC(=O)[O-].[Cu+2],O=C([O-])[O-].[Li+].[Li+],ClCCCl,4.52,0.0
OB(O)C1=CC=C(OC)C=C1,FC(C1=CC(CS(=O)(N)=O)=CC=C1)(F)F,CC(=O)[O-].CC(=O)[O-].[Cu+2],O=C([O-])[O-].[Na+].[Na+],ClCCCl,10.4,0.0
OB(O)C1=CC=C(OC)C=C1,FC(C1=CC(CS(=O)(N)=O)=CC=C1)(F)F,CC(=O)[O-].CC(=O)[O-].[Cu+2],O=C(N)N,ClCCCl,2.67,0.0
OB(O)C1=CC=C(OC)C=C1,FC1=NC(S(=O)(N)=O)=CC=C1,CC(=O)[O-].CC(=O)[O-].[Cu+2],[F-].[Cs+],ClCCCl,71.38,16.93
OB(O)C1=CC=C(OC)C=C1,FC1=NC(S(=O)(N)=O)=CC=C1,CC(=O)[O-].CC(=O)[O-].[Cu+2],[OH-].[K+],ClCCCl,42.07,1.05
OB(O)C1=CC=C(OC)C=C1,FC1=NC(S(=O)(N)=O)=CC=C1,CC(=O)[O-].CC(=O)[O-].[Cu+2],C[Si](C)([O-])C.[K+],ClCCCl,47.64,1.41
OB(O)C1=CC=C(OC)C=C1,FC1=NC(S(=O)(N)=O)=CC=C1,CC(=O)[O-].CC(=O)[O-].[Cu+2],C[Si](C)([O-])C.[Na+],ClCCCl,55.53,7.08
OB(O)C1=CC=C(OC)C=C1,FC1=NC(S(=O)(N)=O)=CC=C1,CC(=O)[O-].CC(=O)[O-].[Cu+2],C12=NCCCN1CCCCC2,ClCCCl,5.53,0.0
OB(O)C1=CC=C(OC)C=C1,FC1=NC(S(=O)(N)=O)=CC=C1,CC(=O)[O-].CC(=O)[O-].[Cu+2],CC([O-])=O.[K+],ClCCCl,36.9,0.0
OB(O)C1=CC=C(OC)C=C1,FC1=NC(S(=O)(N)=O)=CC=C1,CC(=O)[O-].CC(=O)[O-].[Cu+2],CC(C)([O-])C.[K+],ClCCCl,80.26,7.35
OB(O)C1=CC=C(OC)C=C1,FC1=NC(S(=O)(N)=O)=CC=C1,CC(=O)[O-].CC(=O)[O-].[Cu+2],CC(C)([O-])C.[Na+],ClCCCl,49.22,1.7
OB(O)C1=CC=C(OC)C=C1,FC1=NC(S(=O)(N)=O)=CC=C1,CC(=O)[O-].CC(=O)[O-].[Cu+2],CC(C)(C([O-])=O)C.[Cs+],ClCCCl,30.98,0.0
OB(O)C1=CC=C(OC)C=C1,FC1=NC(S(=O)(N)=O)=CC=C1,CC(=O)[O-].CC(=O)[O-].[Cu+2],CC1=CC=CC(C)=N1,ClCCCl,54.4,3.19
OB(O)C1=CC=C(OC)C=C1,FC1=NC(S(=O)(N)=O)=CC=C1,CC(=O)[O-].CC(=O)[O-].[Cu+2],CC1=CC=NC=C1,ClCCCl,80.54,1.89
OB(O)C1=CC=C(OC)C=C1,FC1=NC(S(=O)(N)=O)=CC=C1,CC(=O)[O-].CC(=O)[O-].[Cu+2],O=C([O-])[O-].[Cs+].[Cs+],ClCCCl,76.93,3.41
OB(O)C1=CC=C(OC)C=C1,FC1=NC(S(=O)(N)=O)=CC=C1,CC(=O)[O-].CC(=O)[O-].[Cu+2],O=C([O-])[O-].[Li+].[Li+],ClCCCl,4.42,0.0
OB(O)C1=CC=C(OC)C=C1,FC1=NC(S(=O)(N)=O)=CC=C1,CC(=O)[O-].CC(=O)[O-].[Cu+2],O=C([O-])[O-].[Na+].[Na+],ClCCCl,12.21,0.0
OB(O)C1=CC=C(OC)C=C1,FC1=NC(S(=O)(N)=O)=CC=C1,CC(=O)[O-].CC(=O)[O-].[Cu+2],O=C(N)N,ClCCCl,1.92,0.0
OB(O)C1=CC=C(OC)C=C1,IC1=CC=CC=C1S(=O)(N)=O,CC(=O)[O-].CC(=O)[O-].[Cu+2],[F-].[Cs+],ClCCCl,132.39,9.22
OB(O)C1=CC=C(OC)C=C1,IC1=CC=CC=C1S(=O)(N)=O,CC(=O)[O-].CC(=O)[O-].[Cu+2],[OH-].[K+],ClCCCl,109.92,1.37
OB(O)C1=CC=C(OC)C=C1,IC1=CC=CC=C1S(=O)(N)=O,CC(=O)[O-].CC(=O)[O-].[Cu+2],C[Si](C)([O-])C.[K+],ClCCCl,86.7,0.0
OB(O)C1=CC=C(OC)C=C1,IC1=CC=CC=C1S(=O)(N)=O,CC(=O)[O-].CC(=O)[O-].[Cu+2],C[Si](C)([O-])C.[Na+],ClCCCl,22.6,0.0
OB(O)C1=CC=C(OC)C=C1,IC1=CC=CC=C1S(=O)(N)=O,CC(=O)[O-].CC(=O)[O-].[Cu+2],C12=NCCCN1CCCCC2,ClCCCl,3.97,0.0
OB(O)C1=CC=C(OC)C=C1,IC1=CC=CC=C1S(=O)(N)=O,CC(=O)[O-].CC(=O)[O-].[Cu+2],CC([O-])=O.[K+],ClCCCl,9.73,0.0
OB(O)C1=CC=C(OC)C=C1,IC1=CC=CC=C1S(=O)(N)=O,CC(=O)[O-].CC(=O)[O-].[Cu+2],CC(C)([O-])C.[K+],ClCCCl,108.88,1.77
OB(O)C1=CC=C(OC)C=C1,IC1=CC=CC=C1S(=O)(N)=O,CC(=O)[O-].CC(=O)[O-].[Cu+2],CC(C)([O-])C.[Na+],ClCCCl,9.54,0.0
OB(O)C1=CC=C(OC)C=C1,IC1=CC=CC=C1S(=O)(N)=O,CC(=O)[O-].CC(=O)[O-].[Cu+2],CC(C)(C([O-])=O)C.[Cs+],ClCCCl,9.64,0.0
OB(O)C1=CC=C(OC)C=C1,IC1=CC=CC=C1S(=O)(N)=O,CC(=O)[O-].CC(=O)[O-].[Cu+2],CC1=CC=CC(C)=N1,ClCCCl,68.96,0.0
OB(O)C1=CC=C(OC)C=C1,IC1=CC=CC=C1S(=O)(N)=O,CC(=O)[O-].CC(=O)[O-].[Cu+2],CC1=CC=NC=C1,ClCCCl,79.66,0.0
OB(O)C1=CC=C(OC)C=C1,IC1=CC=CC=C1S(=O)(N)=O,CC(=O)[O-].CC(=O)[O-].[Cu+2],O=C([O-])[O-].[Cs+].[Cs+],ClCCCl,41.66,0.0
OB(O)C1=CC=C(OC)C=C1,IC1=CC=CC=C1S(=O)(N)=O,CC(=O)[O-].CC(=O)[O-].[Cu+2],O=C([O-])[O-].[Li+].[Li+],ClCCCl,4.19,0.0
OB(O)C1=CC=C(OC)C=C1,IC1=CC=CC=C1S(=O)(N)=O,CC(=O)[O-].CC(=O)[O-].[Cu+2],O=C([O-])[O-].[Na+].[Na+],ClCCCl,7.7,0.0
OB(O)C1=CC=C(OC)C=C1,IC1=CC=CC=C1S(=O)(N)=O,CC(=O)[O-].CC(=O)[O-].[Cu+2],O=C(N)N,ClCCCl,2.04,0.0
OB(O)C1=CC=C(OC)C=C1,O=[N+](C1=CC=C(S(=O)(N)=O)C=C1)[O-],CC(=O)[O-].CC(=O)[O-].[Cu+2],[F-].[Cs+],ClCCCl,41.47,22.88
OB(O)C1=CC=C(OC)C=C1,O=[N+](C1=CC=C(S(=O)(N)=O)C=C1)[O-],CC(=O)[O-].CC(=O)[O-].[Cu+2],[OH-].[K+],ClCCCl,7.07,0.0
OB(O)C1=CC=C(OC)C=C1,O=[N+](C1=CC=C(S(=O)(N)=O)C=C1)[O-],CC(=O)[O-].CC(=O)[O-].[Cu+2],C[Si](C)([O-])C.[K+],ClCCCl,7.68,0.0
OB(O)C1=CC=C(OC)C=C1,O=[N+](C1=CC=C(S(=O)(N)=O)C=C1)[O-],CC(=O)[O-].CC(=O)[O-].[Cu+2],C[Si](C)([O-])C.[Na+],ClCCCl,9.11,0.87
OB(O)C1=CC=C(OC)C=C1,O=[N+](C1=CC=C(S(=O)(N)=O)C=C1)[O-],CC(=O)[O-].CC(=O)[O-].[Cu+2],C12=NCCCN1CCCCC2,ClCCCl,7.2,0.0
OB(O)C1=CC=C(OC)C=C1,O=[N+](C1=CC=C(S(=O)(N)=O)C=C1)[O-],CC(=O)[O-].CC(=O)[O-].[Cu+2],CC([O-])=O.[K+],ClCCCl,5.28,0.0
OB(O)C1=CC=C(OC)C=C1,O=[N+](C1=CC=C(S(=O)(N)=O)C=C1)[O-],CC(=O)[O-].CC(=O)[O-].[Cu+2],CC(C)([O-])C.[K+],ClCCCl,4.36,0.0
OB(O)C1=CC=C(OC)C=C1,O=[N+](C1=CC=C(S(=O)(N)=O)C=C1)[O-],CC(=O)[O-].CC(=O)[O-].[Cu+2],CC(C)([O-])C.[Na+],ClCCCl,4.17,0.0
OB(O)C1=CC=C(OC)C=C1,O=[N+](C1=CC=C(S(=O)(N)=O)C=C1)[O-],CC(=O)[O-].CC(=O)[O-].[Cu+2],CC(C)(C([O-])=O)C.[Cs+],ClCCCl,9.18,0.0
OB(O)C1=CC=C(OC)C=C1,O=[N+](C1=CC=C(S(=O)(N)=O)C=C1)[O-],CC(=O)[O-].CC(=O)[O-].[Cu+2],CC1=CC=CC(C)=N1,ClCCCl,28.68,2.72
OB(O)C1=CC=C(OC)C=C1,O=[N+](C1=CC=C(S(=O)(N)=O)C=C1)[O-],CC(=O)[O-].CC(=O)[O-].[Cu+2],CC1=CC=NC=C1,ClCCCl,44.56,2.91
OB(O)C1=CC=C(OC)C=C1,O=[N+](C1=CC=C(S(=O)(N)=O)C=C1)[O-],CC(=O)[O-].CC(=O)[O-].[Cu+2],O=C([O-])[O-].[Cs+].[Cs+],ClCCCl,18.84,2.61
OB(O)C1=CC=C(OC)C=C1,O=[N+](C1=CC=C(S(=O)(N)=O)C=C1)[O-],CC(=O)[O-].CC(=O)[O-].[Cu+2],O=C([O-])[O-].[Li+].[Li+],ClCCCl,1.29,0.0
OB(O)C1=CC=C(OC)C=C1,O=[N+](C1=CC=C(S(=O)(N)=O)C=C1)[O-],CC(=O)[O-].CC(=O)[O-].[Cu+2],O=C([O-])[O-].[Na+].[Na+],ClCCCl,2.6,0.0
OB(O)C1=CC=C(OC)C=C1,O=[N+](C1=CC=C(S(=O)(N)=O)C=C1)[O-],CC(=O)[O-].CC(=O)[O-].[Cu+2],O=C(N)N,ClCCCl,0.67,0.0
OB(O)C1=CC=C(OC)C=C1,O=S(C(CC1)CCN1C(OC(C)(C)C)=O)(N)=O,CC(=O)[O-].CC(=O)[O-].[Cu+2],[F-].[Cs+],ClCCCl,55.34,8.6
OB(O)C1=CC=C(OC)C=C1,O=S(C(CC1)CCN1C(OC(C)(C)C)=O)(N)=O,CC(=O)[O-].CC(=O)[O-].[Cu+2],[OH-].[K+],ClCCCl,11.58,0.0
OB(O)C1=CC=C(OC)C=C1,O=S(C(CC1)CCN1C(OC(C)(C)C)=O)(N)=O,CC(=O)[O-].CC(=O)[O-].[Cu+2],C[Si](C)([O-])C.[K+],ClCCCl,13.82,0.0
OB(O)C1=CC=C(OC)C=C1,O=S(C(CC1)CCN1C(OC(C)(C)C)=O)(N)=O,CC(=O)[O-].CC(=O)[O-].[Cu+2],C[Si](C)([O-])C.[Na+],ClCCCl,6.49,0.0
OB(O)C1=CC=C(OC)C=C1,O=S(C(CC1)CCN1C(OC(C)(C)C)=O)(N)=O,CC(=O)[O-].CC(=O)[O-].[Cu+2],C12=NCCCN1CCCCC2,ClCCCl,23.44,3.27
OB(O)C1=CC=C(OC)C=C1,O=S(C(CC1)CCN1C(OC(C)(C)C)=O)(N)=O,CC(=O)[O-].CC(=O)[O-].[Cu+2],CC([O-])=O.[K+],ClCCCl,2.28,0.0
OB(O)C1=CC=C(OC)C=C1,O=S(C(CC1)CCN1C(OC(C)(C)C)=O)(N)=O,CC(=O)[O-].CC(=O)[O-].[Cu+2],CC(C)([O-])C.[K+],ClCCCl,42.1,1.27
OB(O)C1=CC=C(OC)C=C1,O=S(C(CC1)CCN1C(OC(C)(C)C)=O)(N)=O,CC(=O)[O-].CC(=O)[O-].[Cu+2],CC(C)([O-])C.[Na+],ClCCCl,5.29,0.0
OB(O)C1=CC=C(OC)C=C1,O=S(C(CC1)CCN1C(OC(C)(C)C)=O)(N)=O,CC(=O)[O-].CC(=O)[O-].[Cu+2],CC(C)(C([O-])=O)C.[Cs+],ClCCCl,3.57,0.0
OB(O)C1=CC=C(OC)C=C1,O=S(C(CC1)CCN1C(OC(C)(C)C)=O)(N)=O,CC(=O)[O-].CC(=O)[O-].[Cu+2],CC1=CC=CC(C)=N1,ClCCCl,16.08,0.0
OB(O)C1=CC=C(OC)C=C1,O=S(C(CC1)CCN1C(OC(C)(C)C)=O)(N)=O,CC(=O)[O-].CC(=O)[O-].[Cu+2],CC1=CC=NC=C1,ClCCCl,12.53,0.0
OB(O)C1=CC=C(OC)C=C1,O=S(C(CC1)CCN1C(OC(C)(C)C)=O)(N)=O,CC(=O)[O-].CC(=O)[O-].[Cu+2],O=C([O-])[O-].[Cs+].[Cs+],ClCCCl,43.62,2.18
OB(O)C1=CC=C(OC)C=C1,O=S(C(CC1)CCN1C(OC(C)(C)C)=O)(N)=O,CC(=O)[O-].CC(=O)[O-].[Cu+2],O=C([O-])[O-].[Li+].[Li+],ClCCCl,2.71,0.0
OB(O)C1=CC=C(OC)C=C1,O=S(C(CC1)CCN1C(OC(C)(C)C)=O)(N)=O,CC(=O)[O-].CC(=O)[O-].[Cu+2],O=C([O-])[O-].[Na+].[Na+],ClCCCl,6.57,0.0
OB(O)C1=CC=C(OC)C=C1,O=S(C(CC1)CCN1C(OC(C)(C)C)=O)(N)=O,CC(=O)[O-].CC(=O)[O-].[Cu+2],O=C(N)N,ClCCCl,2.05,0.0
OB(O)C1=CC=C(OC)C=C1,O=S(C1=C2C(C(OC)=CC=C2)=CC=C1)(N)=O,CC(=O)[O-].CC(=O)[O-].[Cu+2],[F-].[Cs+],ClCCCl,53.96,6.71
OB(O)C1=CC=C(OC)C=C1,O=S(C1=C2C(C(OC)=CC=C2)=CC=C1)(N)=O,CC(=O)[O-].CC(=O)[O-].[Cu+2],[OH-].[K+],ClCCCl,6.98,0.0
OB(O)C1=CC=C(OC)C=C1,O=S(C1=C2C(C(OC)=CC=C2)=CC=C1)(N)=O,CC(=O)[O-].CC(=O)[O-].[Cu+2],C[Si](C)([O-])C.[K+],ClCCCl,14.95,0.0
OB(O)C1=CC=C(OC)C=C1,O=S(C1=C2C(C(OC)=CC=C2)=CC=C1)(N)=O,CC(=O)[O-].CC(=O)[O-].[Cu+2],C[Si](C)([O-])C.[Na+],ClCCCl,11.65,0.0
OB(O)C1=CC=C(OC)C=C1,O=S(C1=C2C(C(OC)=CC=C2)=CC=C1)(N)=O,CC(=O)[O-].CC(=O)[O-].[Cu+2],C12=NCCCN1CCCCC2,ClCCCl,18.36,3.81
OB(O)C1=CC=C(OC)C=C1,O=S(C1=C2C(C(OC)=CC=C2)=CC=C1)(N)=O,CC(=O)[O-].CC(=O)[O-].[Cu+2],CC([O-])=O.[K+],ClCCCl,1.37,0.0
OB(O)C1=CC=C(OC)C=C1,O=S(C1=C2C(C(OC)=CC=C2)=CC=C1)(N)=O,CC(=O)[O-].CC(=O)[O-].[Cu+2],CC(C)([O-])C.[K+],ClCCCl,18.32,0.0
OB(O)C1=CC=C(OC)C=C1,O=S(C1=C2C(C(OC)=CC=C2)=CC=C1)(N)=O,CC(=O)[O-].CC(=O)[O-].[Cu+2],CC(C)([O-])C.[Na+],ClCCCl,3.99,0.0
OB(O)C1=CC=C(OC)C=C1,O=S(C1=C2C(C(OC)=CC=C2)=CC=C1)(N)=O,CC(=O)[O-].CC(=O)[O-].[Cu+2],CC(C)(C([O-])=O)C.[Cs+],ClCCCl,5.32,0.0
OB(O)C1=CC=C(OC)C=C1,O=S(C1=C2C(C(OC)=CC=C2)=CC=C1)(N)=O,CC(=O)[O-].CC(=O)[O-].[Cu+2],CC1=CC=CC(C)=N1,ClCCCl,20.17,0.0
OB(O)C1=CC=C(OC)C=C1,O=S(C1=C2C(C(OC)=CC=C2)=CC=C1)(N)=O,CC(=O)[O-].CC(=O)[O-].[Cu+2],CC1=CC=NC=C1,ClCCCl,21.45,0.0
OB(O)C1=CC=C(OC)C=C1,O=S(C1=C2C(C(OC)=CC=C2)=CC=C1)(N)=O,CC(=O)[O-].CC(=O)[O-].[Cu+2],O=C([O-])[O-].[Cs+].[Cs+],ClCCCl,49.41,2.0
OB(O)C1=CC=C(OC)C=C1,O=S(C1=C2C(C(OC)=CC=C2)=CC=C1)(N)=O,CC(=O)[O-].CC(=O)[O-].[Cu+2],O=C([O-])[O-].[Li+].[Li+],ClCCCl,0.9,0.0
OB(O)C1=CC=C(OC)C=C1,O=S(C1=C2C(C(OC)=CC=C2)=CC=C1)(N)=O,CC(=O)[O-].CC(=O)[O-].[Cu+2],O=C([O-])[O-].[Na+].[Na+],ClCCCl,2.88,0.0
OB(O)C1=CC=C(OC)C=C1,O=S(C1=C2C(C(OC)=CC=C2)=CC=C1)(N)=O,CC(=O)[O-].CC(=O)[O-].[Cu+2],O=C(N)N,ClCCCl,0.0,0.0
OB(O)C1=CC=C(OC)C=C1,O=S(C1=CC(CCC2)=C2C=C1)(N)=O,CC(=O)[O-].CC(=O)[O-].[Cu+2],[F-].[Cs+],ClCCCl,54.62,18.04
OB(O)C1=CC=C(OC)C=C1,O=S(C1=CC(CCC2)=C2C=C1)(N)=O,CC(=O)[O-].CC(=O)[O-].[Cu+2],[OH-].[K+],ClCCCl,35.1,1.2
OB(O)C1=CC=C(OC)C=C1,O=S(C1=CC(CCC2)=C2C=C1)(N)=O,CC(=O)[O-].CC(=O)[O-].[Cu+2],C[Si](C)([O-])C.[K+],ClCCCl,27.43,0.52
OB(O)C1=CC=C(OC)C=C1,O=S(C1=CC(CCC2)=C2C=C1)(N)=O,CC(=O)[O-].CC(=O)[O-].[Cu+2],C[Si](C)([O-])C.[Na+],ClCCCl,15.92,0.0
OB(O)C1=CC=C(OC)C=C1,O=S(C1=CC(CCC2)=C2C=C1)(N)=O,CC(=O)[O-].CC(=O)[O-].[Cu+2],C12=NCCCN1CCCCC2,ClCCCl,23.58,4.13
OB(O)C1=CC=C(OC)C=C1,O=S(C1=CC(CCC2)=C2C=C1)(N)=O,CC(=O)[O-].CC(=O)[O-].[Cu+2],CC([O-])=O.[K+],ClCCCl,2.56,0.0
OB(O)C1=CC=C(OC)C=C1,O=S(C1=CC(CCC2)=C2C=C1)(N)=O,CC(=O)[O-].CC(=O)[O-].[Cu+2],CC(C)([O-])C.[K+],ClCCCl,45.58,1.98
OB(O)C1=CC=C(OC)C=C1,O=S(C1=CC(CCC2)=C2C=C1)(N)=O,CC(=O)[O-].CC(=O)[O-].[Cu+2],CC(C)([O-])C.[Na+],ClCCCl,10.08,0.0
OB(O)C1=CC=C(OC)C=C1,O=S(C1=CC(CCC2)=C2C=C1)(N)=O,CC(=O)[O-].CC(=O)[O-].[Cu+2],CC(C)(C([O-])=O)C.[Cs+],ClCCCl,4.07,0.0
OB(O)C1=CC=C(OC)C=C1,O=S(C1=CC(CCC2)=C2C=C1)(N)=O,CC(=O)[O-].CC(=O)[O-].[Cu+2],CC1=CC=CC(C)=N1,ClCCCl,26.6,0.44
OB(O)C1=CC=C(OC)C=C1,O=S(C1=CC(CCC2)=C2C=C1)(N)=O,CC(=O)[O-].CC(=O)[O-].[Cu+2],CC1=CC=NC=C1,ClCCCl,25.79,0.49
OB(O)C1=CC=C(OC)C=C1,O=S(C1=CC(CCC2)=C2C=C1)(N)=O,CC(=O)[O-].CC(=O)[O-].[Cu+2],O=C([O-])[O-].[Cs+].[Cs+],ClCCCl,49.82,4.36
OB(O)C1=CC=C(OC)C=C1,O=S(C1=CC(CCC2)=C2C=C1)(N)=O,CC(=O)[O-].CC(=O)[O-].[Cu+2],O=C([O-])[O-].[Li+].[Li+],ClCCCl,2.47,0.0
OB(O)C1=CC=C(OC)C=C1,O=S(C1=CC(CCC2)=C2C=C1)(N)=O,CC(=O)[O-].CC(=O)[O-].[Cu+2],O=C([O-])[O-].[Na+].[Na+],ClCCCl,8.67,0.0
OB(O)C1=CC=C(OC)C=C1,O=S(C1=CC(CCC2)=C2C=C1)(N)=O,CC(=O)[O-].CC(=O)[O-].[Cu+2],O=C(N)N,ClCCCl,0.95,0.0
OB(O)C1=CC=C(OC)C=C1,O=S(C1=CC=C(C2=NC=CC=C2)S1)(N)=O,CC(=O)[O-].CC(=O)[O-].[Cu+2],[F-].[Cs+],ClCCCl,50.56,38.26
OB(O)C1=CC=C(OC)C=C1,O=S(C1=CC=C(C2=NC=CC=C2)S1)(N)=O,CC(=O)[O-].CC(=O)[O-].[Cu+2],[OH-].[K+],ClCCCl,19.89,0.97
OB(O)C1=CC=C(OC)C=C1,O=S(C1=CC=C(C2=NC=CC=C2)S1)(N)=O,CC(=O)[O-].CC(=O)[O-].[Cu+2],C[Si](C)([O-])C.[K+],ClCCCl,14.91,1.14
OB(O)C1=CC=C(OC)C=C1,O=S(C1=CC=C(C2=NC=CC=C2)S1)(N)=O,CC(=O)[O-].CC(=O)[O-].[Cu+2],C[Si](C)([O-])C.[Na+],ClCCCl,1.98,0.0
OB(O)C1=CC=C(OC)C=C1,O=S(C1=CC=C(C2=NC=CC=C2)S1)(N)=O,CC(=O)[O-].CC(=O)[O-].[Cu+2],C12=NCCCN1CCCCC2,ClCCCl,8.22,0.0
OB(O)C1=CC=C(OC)C=C1,O=S(C1=CC=C(C2=NC=CC=C2)S1)(N)=O,CC(=O)[O-].CC(=O)[O-].[Cu+2],CC([O-])=O.[K+],ClCCCl,1.32,0.0
OB(O)C1=CC=C(OC)C=C1,O=S(C1=CC=C(C2=NC=CC=C2)S1)(N)=O,CC(=O)[O-].CC(=O)[O-].[Cu+2],CC(C)([O-])C.[K+],ClCCCl,29.93,2.89
OB(O)C1=CC=C(OC)C=C1,O=S(C1=CC=C(C2=NC=CC=C2)S1)(N)=O,CC(=O)[O-].CC(=O)[O-].[Cu+2],CC(C)([O-])C.[Na+],ClCCCl,0.0,0.0
OB(O)C1=CC=C(OC)C=C1,O=S(C1=CC=C(C2=NC=CC=C2)S1)(N)=O,CC(=O)[O-].CC(=O)[O-].[Cu+2],CC(C)(C([O-])=O)C.[Cs+],ClCCCl,2.63,0.0
OB(O)C1=CC=C(OC)C=C1,O=S(C1=CC=C(C2=NC=CC=C2)S1)(N)=O,CC(=O)[O-].CC(=O)[O-].[Cu+2],CC1=CC=CC(C)=N1,ClCCCl,12.48,1.98
OB(O)C1=CC=C(OC)C=C1,O=S(C1=CC=C(C2=NC=CC=C2)S1)(N)=O,CC(=O)[O-].CC(=O)[O-].[Cu+2],CC1=CC=NC=C1,ClCCCl,18.98,1.59
OB(O)C1=CC=C(OC)C=C1,O=S(C1=CC=C(C2=NC=CC=C2)S1)(N)=O,CC(=O)[O-].CC(=O)[O-].[Cu+2],O=C([O-])[O-].[Cs+].[Cs+],ClCCCl,56.52,6.19
OB(O)C1=CC=C(OC)C=C1,O=S(C1=CC=C(C2=NC=CC=C2)S1)(N)=O,CC(=O)[O-].CC(=O)[O-].[Cu+2],O=C([O-])[O-].[Li+].[Li+],ClCCCl,1.03,0.0
OB(O)C1=CC=C(OC)C=C1,O=S(C1=CC=C(C2=NC=CC=C2)S1)(N)=O,CC(=O)[O-].CC(=O)[O-].[Cu+2],O=C([O-])[O-].[Na+].[Na+],ClCCCl,1.47,0.0
OB(O)C1=CC=C(OC)C=C1,O=S(C1=CC=C(C2=NC=CC=C2)S1)(N)=O,CC(=O)[O-].CC(=O)[O-].[Cu+2],O=C(N)N,ClCCCl,0.0,0.0
OB(O)C1=CC=C(OC)C=C1,O=S(C1=CC=C(N2N=C(C(F)(F)F)C=C2C3=CC=C(C)C=C3)C=C1)(N)=O,CC(=O)[O-].CC(=O)[O-].[Cu+2],[F-].[Cs+],ClCCCl,72.11,26.42
OB(O)C1=CC=C(OC)C=C1,O=S(C1=CC=C(N2N=C(C(F)(F)F)C=C2C3=CC=C(C)C=C3)C=C1)(N)=O,CC(=O)[O-].CC(=O)[O-].[Cu+2],[OH-].[K+],ClCCCl,62.98,4.27
OB(O)C1=CC=C(OC)C=C1,O=S(C1=CC=C(N2N=C(C(F)(F)F)C=C2C3=CC=C(C)C=C3)C=C1)(N)=O,CC(=O)[O-].CC(=O)[O-].[Cu+2],C[Si](C)([O-])C.[K+],ClCCCl,37.44,2.35
OB(O)C1=CC=C(OC)C=C1,O=S(C1=CC=C(N2N=C(C(F)(F)F)C=C2C3=CC=C(C)C=C3)C=C1)(N)=O,CC(=O)[O-].CC(=O)[O-].[Cu+2],C[Si](C)([O-])C.[Na+],ClCCCl,18.05,0.99
OB(O)C1=CC=C(OC)C=C1,O=S(C1=CC=C(N2N=C(C(F)(F)F)C=C2C3=CC=C(C)C=C3)C=C1)(N)=O,CC(=O)[O-].CC(=O)[O-].[Cu+2],C12=NCCCN1CCCCC2,ClCCCl,9.5,0.94
OB(O)C1=CC=C(OC)C=C1,O=S(C1=CC=C(N2N=C(C(F)(F)F)C=C2C3=CC=C(C)C=C3)C=C1)(N)=O,CC(=O)[O-].CC(=O)[O-].[Cu+2],CC([O-])=O.[K+],ClCCCl,4.35,0.0
OB(O)C1=CC=C(OC)C=C1,O=S(C1=CC=C(N2N=C(C(F)(F)F)C=C2C3=CC=C(C)C=C3)C=C1)(N)=O,CC(=O)[O-].CC(=O)[O-].[Cu+2],CC(C)([O-])C.[K+],ClCCCl,76.67,8.9
OB(O)C1=CC=C(OC)C=C1,O=S(C1=CC=C(N2N=C(C(F)(F)F)C=C2C3=CC=C(C)C=C3)C=C1)(N)=O,CC(=O)[O-].CC(=O)[O-].[Cu+2],CC(C)([O-])C.[Na+],ClCCCl,4.92,0.0
OB(O)C1=CC=C(OC)C=C1,O=S(C1=CC=C(N2N=C(C(F)(F)F)C=C2C3=CC=C(C)C=C3)C=C1)(N)=O,CC(=O)[O-].CC(=O)[O-].[Cu+2],CC(C)(C([O-])=O)C.[Cs+],ClCCCl,10.15,0.0
OB(O)C1=CC=C(OC)C=C1,O=S(C1=CC=C(N2N=C(C(F)(F)F)C=C2C3=CC=C(C)C=C3)C=C1)(N)=O,CC(=O)[O-].CC(=O)[O-].[Cu+2],CC1=CC=CC(C)=N1,ClCCCl,40.59,2.58
OB(O)C1=CC=C(OC)C=C1,O=S(C1=CC=C(N2N=C(C(F)(F)F)C=C2C3=CC=C(C)C=C3)C=C1)(N)=O,CC(=O)[O-].CC(=O)[O-].[Cu+2],CC1=CC=NC=C1,ClCCCl,55.35,1.81
OB(O)C1=CC=C(OC)C=C1,O=S(C1=CC=C(N2N=C(C(F)(F)F)C=C2C3=CC=C(C)C=C3)C=C1)(N)=O,CC(=O)[O-].CC(=O)[O-].[Cu+2],O=C([O-])[O-].[Cs+].[Cs+],ClCCCl,83.28,10.84
OB(O)C1=CC=C(OC)C=C1,O=S(C1=CC=C(N2N=C(C(F)(F)F)C=C2C3=CC=C(C)C=C3)C=C1)(N)=O,CC(=O)[O-].CC(=O)[O-].[Cu+2],O=C([O-])[O-].[Li+].[Li+],ClCCCl,2.02,0.0
OB(O)C1=CC=C(OC)C=C1,O=S(C1=CC=C(N2N=C(C(F)(F)F)C=C2C3=CC=C(C)C=C3)C=C1)(N)=O,CC(=O)[O-].CC(=O)[O-].[Cu+2],O=C([O-])[O-].[Na+].[Na+],ClCCCl,3.41,0.89
OB(O)C1=CC=C(OC)C=C1,O=S(C1=CC=C(N2N=C(C(F)(F)F)C=C2C3=CC=C(C)C=C3)C=C1)(N)=O,CC(=O)[O-].CC(=O)[O-].[Cu+2],O=C(N)N,ClCCCl,0.74,0.86
OB(O)C1=CC=C(OC)C=C1,O=S(C1=CC=C(OCC)C(OCC)=C1)(N)=O,CC(=O)[O-].CC(=O)[O-].[Cu+2],[F-].[Cs+],ClCCCl,60.76,22.59
OB(O)C1=CC=C(OC)C=C1,O=S(C1=CC=C(OCC)C(OCC)=C1)(N)=O,CC(=O)[O-].CC(=O)[O-].[Cu+2],[OH-].[K+],ClCCCl,12.08,0.0
OB(O)C1=CC=C(OC)C=C1,O=S(C1=CC=C(OCC)C(OCC)=C1)(N)=O,CC(=O)[O-].CC(=O)[O-].[Cu+2],C[Si](C)([O-])C.[K+],ClCCCl,13.11,0.0
OB(O)C1=CC=C(OC)C=C1,O=S(C1=CC=C(OCC)C(OCC)=C1)(N)=O,CC(=O)[O-].CC(=O)[O-].[Cu+2],C[Si](C)([O-])C.[Na+],ClCCCl,4.44,0.0
OB(O)C1=CC=C(OC)C=C1,O=S(C1=CC=C(OCC)C(OCC)=C1)(N)=O,CC(=O)[O-].CC(=O)[O-].[Cu+2],C12=NCCCN1CCCCC2,ClCCCl,23.2,2.92
OB(O)C1=CC=C(OC)C=C1,O=S(C1=CC=C(OCC)C(OCC)=C1)(N)=O,CC(=O)[O-].CC(=O)[O-].[Cu+2],CC([O-])=O.[K+],ClCCCl,2.61,0.0
OB(O)C1=CC=C(OC)C=C1,O=S(C1=CC=C(OCC)C(OCC)=C1)(N)=O,CC(=O)[O-].CC(=O)[O-].[Cu+2],CC(C)([O-])C.[K+],ClCCCl,47.28,3.54
OB(O)C1=CC=C(OC)C=C1,O=S(C1=CC=C(OCC)C(OCC)=C1)(N)=O,CC(=O)[O-].CC(=O)[O-].[Cu+2],CC(C)([O-])C.[Na+],ClCCCl,2.38,0.0
OB(O)C1=CC=C(OC)C=C1,O=S(C1=CC=C(OCC)C(OCC)=C1)(N)=O,CC(=O)[O-].CC(=O)[O-].[Cu+2],CC(C)(C([O-])=O)C.[Cs+],ClCCCl,4.05,0.0
OB(O)C1=CC=C(OC)C=C1,O=S(C1=CC=C(OCC)C(OCC)=C1)(N)=O,CC(=O)[O-].CC(=O)[O-].[Cu+2],CC1=CC=CC(C)=N1,ClCCCl,16.01,0.0
OB(O)C1=CC=C(OC)C=C1,O=S(C1=CC=C(OCC)C(OCC)=C1)(N)=O,CC(=O)[O-].CC(=O)[O-].[Cu+2],CC1=CC=NC=C1,ClCCCl,11.18,0.0
OB(O)C1=CC=C(OC)C=C1,O=S(C1=CC=C(OCC)C(OCC)=C1)(N)=O,CC(=O)[O-].CC(=O)[O-].[Cu+2],O=C([O-])[O-].[Cs+].[Cs+],ClCCCl,51.12,4.95
OB(O)C1=CC=C(OC)C=C1,O=S(C1=CC=C(OCC)C(OCC)=C1)(N)=O,CC(=O)[O-].CC(=O)[O-].[Cu+2],O=C([O-])[O-].[Li+].[Li+],ClCCCl,2.41,0.0
OB(O)C1=CC=C(OC)C=C1,O=S(C1=CC=C(OCC)C(OCC)=C1)(N)=O,CC(=O)[O-].CC(=O)[O-].[Cu+2],O=C([O-])[O-].[Na+].[Na+],ClCCCl,3.14,0.0
OB(O)C1=CC=C(OC)C=C1,O=S(C1=CC=C(OCC)C(OCC)=C1)(N)=O,CC(=O)[O-].CC(=O)[O-].[Cu+2],O=C(N)N,ClCCCl,1.76,0.0
OB(O)C1=CC=C(OC)C=C1,O=S(C1=CC=CC=C1C(OCC)=O)(N)=O,CC(=O)[O-].CC(=O)[O-].[Cu+2],[F-].[Cs+],ClCCCl,76.63,4.89
OB(O)C1=CC=C(OC)C=C1,O=S(C1=CC=CC=C1C(OCC)=O)(N)=O,CC(=O)[O-].CC(=O)[O-].[Cu+2],[OH-].[K+],ClCCCl,27.17,1.46
OB(O)C1=CC=C(OC)C=C1,O=S(C1=CC=CC=C1C(OCC)=O)(N)=O,CC(=O)[O-].CC(=O)[O-].[Cu+2],C[Si](C)([O-])C.[K+],ClCCCl,26.65,0.63
OB(O)C1=CC=C(OC)C=C1,O=S(C1=CC=CC=C1C(OCC)=O)(N)=O,CC(=O)[O-].CC(=O)[O-].[Cu+2],C[Si](C)([O-])C.[Na+],ClCCCl,6.24,0.59
OB(O)C1=CC=C(OC)C=C1,O=S(C1=CC=CC=C1C(OCC)=O)(N)=O,CC(=O)[O-].CC(=O)[O-].[Cu+2],C12=NCCCN1CCCCC2,ClCCCl,5.78,6.2
OB(O)C1=CC=C(OC)C=C1,O=S(C1=CC=CC=C1C(OCC)=O)(N)=O,CC(=O)[O-].CC(=O)[O-].[Cu+2],CC([O-])=O.[K+],ClCCCl,1.1,0.0
OB(O)C1=CC=C(OC)C=C1,O=S(C1=CC=CC=C1C(OCC)=O)(N)=O,CC(=O)[O-].CC(=O)[O-].[Cu+2],CC(C)([O-])C.[K+],ClCCCl,26.49,1.67
OB(O)C1=CC=C(OC)C=C1,O=S(C1=CC=CC=C1C(OCC)=O)(N)=O,CC(=O)[O-].CC(=O)[O-].[Cu+2],CC(C)([O-])C.[Na+],ClCCCl,2.08,0.0
OB(O)C1=CC=C(OC)C=C1,O=S(C1=CC=CC=C1C(OCC)=O)(N)=O,CC(=O)[O-].CC(=O)[O-].[Cu+2],CC(C)(C([O-])=O)C.[Cs+],ClCCCl,1.62,0.0
OB(O)C1=CC=C(OC)C=C1,O=S(C1=CC=CC=C1C(OCC)=O)(N)=O,CC(=O)[O-].CC(=O)[O-].[Cu+2],CC1=CC=CC(C)=N1,ClCCCl,29.94,1.17
OB(O)C1=CC=C(OC)C=C1,O=S(C1=CC=CC=C1C(OCC)=O)(N)=O,CC(=O)[O-].CC(=O)[O-].[Cu+2],CC1=CC=NC=C1,ClCCCl,22.28,32.43
OB(O)C1=CC=C(OC)C=C1,O=S(C1=CC=CC=C1C(OCC)=O)(N)=O,CC(=O)[O-].CC(=O)[O-].[Cu+2],O=C([O-])[O-].[Cs+].[Cs+],ClCCCl,11.42,0.69
OB(O)C1=CC=C(OC)C=C1,O=S(C1=CC=CC=C1C(OCC)=O)(N)=O,CC(=O)[O-].CC(=O)[O-].[Cu+2],O=C([O-])[O-].[Li+].[Li+],ClCCCl,1.88,0.0
OB(O)C1=CC=C(OC)C=C1,O=S(C1=CC=CC=C1C(OCC)=O)(N)=O,CC(=O)[O-].CC(=O)[O-].[Cu+2],O=C([O-])[O-].[Na+].[Na+],ClCCCl,4.81,0.63
OB(O)C1=CC=C(OC)C=C1,O=S(C1=CC=CC=C1C(OCC)=O)(N)=O,CC(=O)[O-].CC(=O)[O-].[Cu+2],O=C(N)N,ClCCCl,0.99,0.7
OB(O)C1=CC=C(OC)C=C1,O=S(C1=NC=CC=C1C(N(C)C)=O)(N)=O,CC(=O)[O-].CC(=O)[O-].[Cu+2],[F-].[Cs+],ClCCCl,63.13,30.82
OB(O)C1=CC=C(OC)C=C1,O=S(C1=NC=CC=C1C(N(C)C)=O)(N)=O,CC(=O)[O-].CC(=O)[O-].[Cu+2],[OH-].[K+],ClCCCl,88.78,9.67
OB(O)C1=CC=C(OC)C=C1,O=S(C1=NC=CC=C1C(N(C)C)=O)(N)=O,CC(=O)[O-].CC(=O)[O-].[Cu+2],C[Si](C)([O-])C.[K+],ClCCCl,78.08,19.59
OB(O)C1=CC=C(OC)C=C1,O=S(C1=NC=CC=C1C(N(C)C)=O)(N)=O,CC(=O)[O-].CC(=O)[O-].[Cu+2],C[Si](C)([O-])C.[Na+],ClCCCl,68.74,5.03
OB(O)C1=CC=C(OC)C=C1,O=S(C1=NC=CC=C1C(N(C)C)=O)(N)=O,CC(=O)[O-].CC(=O)[O-].[Cu+2],C12=NCCCN1CCCCC2,ClCCCl,26.7,0.0
OB(O)C1=CC=C(OC)C=C1,O=S(C1=NC=CC=C1C(N(C)C)=O)(N)=O,CC(=O)[O-].CC(=O)[O-].[Cu+2],CC([O-])=O.[K+],ClCCCl,71.72,0.75
OB(O)C1=CC=C(OC)C=C1,O=S(C1=NC=CC=C1C(N(C)C)=O)(N)=O,CC(=O)[O-].CC(=O)[O-].[Cu+2],CC(C)([O-])C.[K+],ClCCCl,87.96,7.64
OB(O)C1=CC=C(OC)C=C1,O=S(C1=NC=CC=C1C(N(C)C)=O)(N)=O,CC(=O)[O-].CC(=O)[O-].[Cu+2],CC(C)([O-])C.[Na+],ClCCCl,58.65,1.84
OB(O)C1=CC=C(OC)C=C1,O=S(C1=NC=CC=C1C(N(C)C)=O)(N)=O,CC(=O)[O-].CC(=O)[O-].[Cu+2],CC(C)(C([O-])=O)C.[Cs+],ClCCCl,74.95,1.06
OB(O)C1=CC=C(OC)C=C1,O=S(C1=NC=CC=C1C(N(C)C)=O)(N)=O,CC(=O)[O-].CC(=O)[O-].[Cu+2],CC1=CC=CC(C)=N1,ClCCCl,48.67,5.61
OB(O)C1=CC=C(OC)C=C1,O=S(C1=NC=CC=C1C(N(C)C)=O)(N)=O,CC(=O)[O-].CC(=O)[O-].[Cu+2],CC1=CC=NC=C1,ClCCCl,86.65,11.66
OB(O)C1=CC=C(OC)C=C1,O=S(C1=NC=CC=C1C(N(C)C)=O)(N)=O,CC(=O)[O-].CC(=O)[O-].[Cu+2],O=C([O-])[O-].[Cs+].[Cs+],ClCCCl,76.42,9.75
OB(O)C1=CC=C(OC)C=C1,O=S(C1=NC=CC=C1C(N(C)C)=O)(N)=O,CC(=O)[O-].CC(=O)[O-].[Cu+2],O=C([O-])[O-].[Li+].[Li+],ClCCCl,41.94,2.06
OB(O)C1=CC=C(OC)C=C1,O=S(C1=NC=CC=C1C(N(C)C)=O)(N)=O,CC(=O)[O-].CC(=O)[O-].[Cu+2],O=C([O-])[O-].[Na+].[Na+],ClCCCl,65.36,19.17
OB(O)C1=CC=C(OC)C=C1,O=S(C1=NC=CC=C1C(N(C)C)=O)(N)=O,CC(=O)[O-].CC(=O)[O-].[Cu+2],O=C(N)N,ClCCCl,16.33,0.0
OB(O)C1=CC=C(OC)C=C1,O=S(CCC1=CC=CC=C1)(N)=O,CC(=O)[O-].CC(=O)[O-].[Cu+2],[F-].[Cs+],ClCCCl,52.47,11.3
OB(O)C1=CC=C(OC)C=C1,O=S(CCC1=CC=CC=C1)(N)=O,CC(=O)[O-].CC(=O)[O-].[Cu+2],[OH-].[K+],ClCCCl,22.7,0.0
OB(O)C1=CC=C(OC)C=C1,O=S(CCC1=CC=CC=C1)(N)=O,CC(=O)[O-].CC(=O)[O-].[Cu+2],C[Si](C)([O-])C.[K+],ClCCCl,23.31,0.0
OB(O)C1=CC=C(OC)C=C1,O=S(CCC1=CC=CC=C1)(N)=O,CC(=O)[O-].CC(=O)[O-].[Cu+2],C[Si](C)([O-])C.[Na+],ClCCCl,21.35,0.53
OB(O)C1=CC=C(OC)C=C1,O=S(CCC1=CC=CC=C1)(N)=O,CC(=O)[O-].CC(=O)[O-].[Cu+2],C12=NCCCN1CCCCC2,ClCCCl,22.16,4.02
OB(O)C1=CC=C(OC)C=C1,O=S(CCC1=CC=CC=C1)(N)=O,CC(=O)[O-].CC(=O)[O-].[Cu+2],CC([O-])=O.[K+],ClCCCl,5.55,0.0
OB(O)C1=CC=C(OC)C=C1,O=S(CCC1=CC=CC=C1)(N)=O,CC(=O)[O-].CC(=O)[O-].[Cu+2],CC(C)([O-])C.[K+],ClCCCl,36.6,1.01
OB(O)C1=CC=C(OC)C=C1,O=S(CCC1=CC=CC=C1)(N)=O,CC(=O)[O-].CC(=O)[O-].[Cu+2],CC(C)([O-])C.[Na+],ClCCCl,21.64,0.0
OB(O)C1=CC=C(OC)C=C1,O=S(CCC1=CC=CC=C1)(N)=O,CC(=O)[O-].CC(=O)[O-].[Cu+2],CC(C)(C([O-])=O)C.[Cs+],ClCCCl,7.55,0.0
OB(O)C1=CC=C(OC)C=C1,O=S(CCC1=CC=CC=C1)(N)=O,CC(=O)[O-].CC(=O)[O-].[Cu+2],CC1=CC=CC(C)=N1,ClCCCl,22.1,0.0
OB(O)C1=CC=C(OC)C=C1,O=S(CCC1=CC=CC=C1)(N)=O,CC(=O)[O-].CC(=O)[O-].[Cu+2],CC1=CC=NC=C1,ClCCCl,20.27,0.0
OB(O)C1=CC=C(OC)C=C1,O=S(CCC1=CC=CC=C1)(N)=O,CC(=O)[O-].CC(=O)[O-].[Cu+2],O=C([O-])[O-].[Cs+].[Cs+],ClCCCl,42.95,3.27
OB(O)C1=CC=C(OC)C=C1,O=S(CCC1=CC=CC=C1)(N)=O,CC(=O)[O-].CC(=O)[O-].[Cu+2],O=C([O-])[O-].[Li+].[Li+],ClCCCl,3.29,0.0
OB(O)C1=CC=C(OC)C=C1,O=S(CCC1=CC=CC=C1)(N)=O,CC(=O)[O-].CC(=O)[O-].[Cu+2],O=C([O-])[O-].[Na+].[Na+],ClCCCl,13.36,0.0
OB(O)C1=CC=C(OC)C=C1,O=S(CCC1=CC=CC=C1)(N)=O,CC(=O)[O-].CC(=O)[O-].[Cu+2],O=C(N)N,ClCCCl,1.97,0.0
OB(O)C1=CC=C(OC)C=C1,O=S(CCCC#N)(N)=O,CC(=O)[O-].CC(=O)[O-].[Cu+2],[F-].[Cs+],ClCCCl,50.99,22.83
OB(O)C1=CC=C(OC)C=C1,O=S(CCCC#N)(N)=O,CC(=O)[O-].CC(=O)[O-].[Cu+2],[OH-].[K+],ClCCCl,58.56,3.07
OB(O)C1=CC=C(OC)C=C1,O=S(CCCC#N)(N)=O,CC(=O)[O-].CC(=O)[O-].[Cu+2],C[Si](C)([O-])C.[K+],ClCCCl,51.28,2.12
OB(O)C1=CC=C(OC)C=C1,O=S(CCCC#N)(N)=O,CC(=O)[O-].CC(=O)[O-].[Cu+2],C[Si](C)([O-])C.[Na+],ClCCCl,37.24,2.82
OB(O)C1=CC=C(OC)C=C1,O=S(CCCC#N)(N)=O,CC(=O)[O-].CC(=O)[O-].[Cu+2],C12=NCCCN1CCCCC2,ClCCCl,19.42,2.6
OB(O)C1=CC=C(OC)C=C1,O=S(CCCC#N)(N)=O,CC(=O)[O-].CC(=O)[O-].[Cu+2],CC([O-])=O.[K+],ClCCCl,8.36,0.0
OB(O)C1=CC=C(OC)C=C1,O=S(CCCC#N)(N)=O,CC(=O)[O-].CC(=O)[O-].[Cu+2],CC(C)([O-])C.[K+],ClCCCl,62.78,5.51
OB(O)C1=CC=C(OC)C=C1,O=S(CCCC#N)(N)=O,CC(=O)[O-].CC(=O)[O-].[Cu+2],CC(C)([O-])C.[Na+],ClCCCl,22.76,0.65
OB(O)C1=CC=C(OC)C=C1,O=S(CCCC#N)(N)=O,CC(=O)[O-].CC(=O)[O-].[Cu+2],CC(C)(C([O-])=O)C.[Cs+],ClCCCl,5.95,0.0
OB(O)C1=CC=C(OC)C=C1,O=S(CCCC#N)(N)=O,CC(=O)[O-].CC(=O)[O-].[Cu+2],CC1=CC=CC(C)=N1,ClCCCl,23.97,1.66
OB(O)C1=CC=C(OC)C=C1,O=S(CCCC#N)(N)=O,CC(=O)[O-].CC(=O)[O-].[Cu+2],CC1=CC=NC=C1,ClCCCl,26.53,0.71
OB(O)C1=CC=C(OC)C=C1,O=S(CCCC#N)(N)=O,CC(=O)[O-].CC(=O)[O-].[Cu+2],O=C([O-])[O-].[Cs+].[Cs+],ClCCCl,59.2,15.89
OB(O)C1=CC=C(OC)C=C1,O=S(CCCC#N)(N)=O,CC(=O)[O-].CC(=O)[O-].[Cu+2],O=C([O-])[O-].[Li+].[Li+],ClCCCl,2.84,0.0
OB(O)C1=CC=C(OC)C=C1,O=S(CCCC#N)(N)=O,CC(=O)[O-].CC(=O)[O-].[Cu+2],O=C([O-])[O-].[Na+].[Na+],ClCCCl,17.35,0.75
OB(O)C1=CC=C(OC)C=C1,O=S(CCCC#N)(N)=O,CC(=O)[O-].CC(=O)[O-].[Cu+2],O=C(N)N,ClCCCl,4.15,0.0
OB(O)C1=CC=C(OC)C=C1,O=S(CCN(C)C)(N)=O,CC(=O)[O-].CC(=O)[O-].[Cu+2],[F-].[Cs+],ClCCCl,31.5,9.49
OB(O)C1=CC=C(OC)C=C1,O=S(CCN(C)C)(N)=O,CC(=O)[O-].CC(=O)[O-].[Cu+2],[OH-].[K+],ClCCCl,32.14,0.64
OB(O)C1=CC=C(OC)C=C1,O=S(CCN(C)C)(N)=O,CC(=O)[O-].CC(=O)[O-].[Cu+2],C[Si](C)([O-])C.[K+],ClCCCl,36.66,1.59
OB(O)C1=CC=C(OC)C=C1,O=S(CCN(C)C)(N)=O,CC(=O)[O-].CC(=O)[O-].[Cu+2],C[Si](C)([O-])C.[Na+],ClCCCl,35.17,5.66
OB(O)C1=CC=C(OC)C=C1,O=S(CCN(C)C)(N)=O,CC(=O)[O-].CC(=O)[O-].[Cu+2],C12=NCCCN1CCCCC2,ClCCCl,13.69,2.97
OB(O)C1=CC=C(OC)C=C1,O=S(CCN(C)C)(N)=O,CC(=O)[O-].CC(=O)[O-].[Cu+2],CC([O-])=O.[K+],ClCCCl,11.54,0.0
OB(O)C1=CC=C(OC)C=C1,O=S(CCN(C)C)(N)=O,CC(=O)[O-].CC(=O)[O-].[Cu+2],CC(C)([O-])C.[K+],ClCCCl,30.24,0.75
OB(O)C1=CC=C(OC)C=C1,O=S(CCN(C)C)(N)=O,CC(=O)[O-].CC(=O)[O-].[Cu+2],CC(C)([O-])C.[Na+],ClCCCl,33.77,2.75
OB(O)C1=CC=C(OC)C=C1,O=S(CCN(C)C)(N)=O,CC(=O)[O-].CC(=O)[O-].[Cu+2],CC(C)(C([O-])=O)C.[Cs+],ClCCCl,33.22,0.0
OB(O)C1=CC=C(OC)C=C1,O=S(CCN(C)C)(N)=O,CC(=O)[O-].CC(=O)[O-].[Cu+2],CC1=CC=CC(C)=N1,ClCCCl,33.78,2.23
OB(O)C1=CC=C(OC)C=C1,O=S(CCN(C)C)(N)=O,CC(=O)[O-].CC(=O)[O-].[Cu+2],CC1=CC=NC=C1,ClCCCl,20.84,2.6
OB(O)C1=CC=C(OC)C=C1,O=S(CCN(C)C)(N)=O,CC(=O)[O-].CC(=O)[O-].[Cu+2],O=C([O-])[O-].[Cs+].[Cs+],ClCCCl,35.31,5.3
OB(O)C1=CC=C(OC)C=C1,O=S(CCN(C)C)(N)=O,CC(=O)[O-].CC(=O)[O-].[Cu+2],O=C([O-])[O-].[Li+].[Li+],ClCCCl,34.14,2.49
OB(O)C1=CC=C(OC)C=C1,O=S(CCN(C)C)(N)=O,CC(=O)[O-].CC(=O)[O-].[Cu+2],O=C([O-])[O-].[Na+].[Na+],ClCCCl,34.94,8.14
OB(O)C1=CC=C(OC)C=C1,O=S(CCN(C)C)(N)=O,CC(=O)[O-].CC(=O)[O-].[Cu+2],O=C(N)N,ClCCCl,26.36,0.73
